མཚན་བྱང་།,ཤོག་གྲངས།,1,མཆན་གྲངས།,པར་མ།,མཆན།,,,,,,
,829,2,1,,མཚན་བྱང་འདི་གཞུང་ལས་བླངས་ཏེ་བཀོད། ,,,,,,
,,3,2,《པེ་》《སྣར་》,ཀ,,,,,,
,,4,3,《པེ་》《སྣར་》,ཀྱིས།,,,,,,
,,5,4,《པེ་》《སྣར་》,ཕྱེས།,,,,,,
,,6,5,《པེ་》《སྣར་》,པས།,,,,,,
,,7,6,《པེ་》《སྣར་》,གྱུར།,,,,,,
,,8,7,《པེ་》《སྣར་》,འདུལ།,,,,,,
,,9,8,《པེ་》,ལ།,,,,,,
,830,10,1,《པེ་》《སྣར་》,སྒྲུབ།,,,,,,
,,11,2,《པེ་》《སྣར་》,ཡི།,,,,,,
,,12,3,《པེ་》《སྣར་》,མཐར།,,,,,,
,,13,4,《པེ་》《སྣར་》,པོས།,,,,,,
,,14,5,《པེ་》《སྣར་》,བཀའ།,,,,,,
,,15,6,《པེ་》《སྣར་》,བ་བྱ། གླེང།,,,,,,
,,16,7,《པེ་》《སྣར་》,ཡི།,,,,,,
,831,17,1,《སྣར་》,pདོ།,,,,,,
,,18,2,《པེ་》《སྣར་》,པ་ཡིན།,,,,,,
,,19,3,《པེ་》《སྣར་》,གྱི།,,,,,,
,832,20,1,《པེ་》《སྣར་》,བཞུགས།,,,,,,
,,21,2,《པེ་》《སྣར་》,དང།,,,,,,
,,22,3,《པེ་》《སྣར་》,རྟོགས།,,,,,,
,,23,4,《པེ་》《སྣར་》,སོགས།,,,,,,
,833,24,1,《སྣར་》,ཟུང།,,,,,,
,,25,2,《པེ་》《སྣར་》,རལ།,,,,,,
,,26,3,《པེ་》《སྣར་》,ཚིགས་མེད་འོད།,,,,,,
,834,27,1,《སྣར་》,པ།,,,,,,
,,28,2,《པེ་》《སྣར་》,ཤེས།,,,,,,
,,29,3,《པེ་》《སྣར་》,རིགས།,,,,,,
,,30,4,《པེ་》《སྣར་》,རིག,,,,,,
,,31,5,《པེ་》《སྣར་》,བརྟགས།,,,,,,
,,32,6,《པེ་》《སྣར་》,པའི།,,,,,,
,835,33,1,《པེ་》《སྣར་》,སྐྱེད།,,,,,,
,,34,2,《པེ་》《སྣར་》,སྐྱེད།,,,,,,
,,35,3,《པེ་》《སྣར་》,pརྣམ་པ་བཞིའི།,,,,,,
,836,36,1,《པེ་》《སྣར་》,བསླུ།,,,,,,
,,37,2,《པེ་》《སྣར་》,འདོད་ཆགས།,,,,,,
,,38,3,《པེ་》《སྣར་》,pཀྱི།,,,,,,
,,39,4,《པེ་》《སྣར་》,མའོ།,,,,,,
,837,40,1,《སྣར་》,mན།,,,,,,
,,41,2,《སྣར་》,དྱིག,,,,,,
,,42,3,《སྣར་》,དྷྲིཀ,,,,,,
,,43,4,《པེ་》《སྣར་》,ལིཀ,,,,,,
,,44,5,《པེ་》,རླབས།;《སྣར་》,རླབ།,,,,,
,,45,6,《པེ་》《སྣར་》,pདུ།,,,,,,
,,46,7,《པེ་》《སྣར་》,མའོ།,,,,,,
,,47,8,《པེ་》《སྣར་》,ཡིས།,,,,,,
,839,48,1,《སྣར་》,དཔའ།,,,,,,
,,49,2,《སྣར་》,དྷརྨཱ།,,,,,,
,,50,3,《པེ་》《སྣར་》,mདུ།,,,,,,
,,51,4,《པེ་》《སྣར་》,ཏོ།།,,,,,,
,839,52,1,《པེ་》《སྣར་》,ཡོང།,,,,,,
,,53,2,《པེ་》《སྣར་》,དེ།,,,,,,
,,54,3,《པེ་》《སྣར་》,བསྟན།,,,,,,
,,55,4,《པེ་》《སྣར་》,བསྒྲུབ།,,,,,,
,840,56,1,《པེ་》《སྣར་》,སྲེད།,,,,,,
,,57,2,《པེ་》《སྣར་》,དུ།,,,,,,
,,58,3,《པེ་》《སྣར་》,འཐོབ།,,,,,,
,,59,4,《པེ་》《སྣར་》,ལས།,,,,,,
,,60,5,《པེ་》《སྣར་》,འཐོབ།,,,,,,
,842,61,1,《པེ་》《སྣར་》,དོ།,,,,,,
,,62,2,《པེ་》《སྣར་》,སྒྲུབ།,,,,,,
,,63,3,《པེ་》《སྣར་》,འཐོབ།,,,,,,
,843,64,1,《པེ་》《སྣར་》,པའོ།,,,,,,
,,65,2,《པེ་》《སྣར་》,སྒྲུབ།,,,,,,
,,66,3,《པེ་》《སྣར་》,མའོ།,,,,,,
,,67,4,《པེ་》《སྣར་》,མའོ།,,,,,,
,,68,5,《པེ་》《སྣར་》,པའོ།,,,,,,
,,69,6,《པེ་》《སྣར་》,པ།,,,,,,
,,70,7,《པེ་》《སྣར་》,བསྟེན།,,,,,,
,,71,8,《པེ་》《སྣར་》,པའོ།,,,,,,
,,72,9,《པེ་》《སྣར་》,བསྲུང།,,,,,,
,,73,10,《པེ་》《སྣར་》,མཁའི།,,,,,,
,,74,11,《པེ་》《སྣར་》,གཞག,,,,,,
,845,75,1,《པེ་》《སྣར་》,ལྟུང།,,,,,,
,,76,2,《པེ་》《སྣར་》,བསྲུང།,,,,,,
,,77,3,《པེ་》《སྣར་》,འཐོབ།,,,,,,
,846,78,1,《པེ་》《སྣར་》,རྟོག,,,,,,
,,79,2,《པེ་》《སྣར་》,པས་ན།,,,,,,
,,80,3,《པེ་》《སྣར་》,pདེ་བཞིན་གཤེགས་པའོ།,,,,,,
,847,81,1,《པེ་》《སྣར་》,mཆེན་པོ།,,,,,,
,,82,2,《སྣར་》,སྐུ།,,,,,,
,,83,3,《པེ་》《སྣར་》,སྡུས།,,,,,,
,,84,4,《པེ་》《སྣར་》,pབྱ་བ།,,,,,,
,,85,5,《པེ་》《སྣར་》,པ།,,,,,,
,848,86,1,《པེ་》,m ཆེན་པོ།,,,,,,
,,87,2,《པེ་》《སྣར་》,ཤ།,,,,,,
,,88,3,《པེ་》《སྣར་》,ལྷས།,,,,,,
,,89,4,《པེ་》《སྣར་》,རིགས།,,,,,,
,,90,5,《པེ་》《སྣར་》,སྡུད།,,,,,,
,,91,6,《པེ་》《སྣར་》,བའི།,,,,,,
,,92,7,《པེ་》《སྣར་》,པོར།,,,,,,
,,93,8,《པེ་》《སྣར་》,ཚིག,,,,,,
,849,94,1,《པེ་》《སྣར་》,རིམ།,,,,,,
,,95,2,《པེ་》《སྣར་》,གྱིས།,,,,,,
,,96,3,《པེ་》《སྣར་》,སྙེད།,,,,,,
,,97,4,《པེ་》《སྣར་》,གཞི།,,,,,,
,,98,5,《སྣར་》,ད།,,,,,,
,850,99,1,《པེ་》《སྣར་》,སྟེ།,,,,,,
,,100,2,《པེ་》《སྣར་》,ཡོངས།,,,,,,
,,101,3,《པེ་》《སྣར་》,འདི།,,,,,,
,,102,4,《པེ་》,ཝྃ།;《སྣར་》,ཝཾ།,,,,,
,,103,5,《པེ་》《སྣར་》,ཞེས།,,,,,,
,,104,6,《པེ་》,རིན།,,,,,,
,851,105,1,《སྣར་》,pཊ།,,,,,,
,,106,2,《པེ་》《སྣར་》,པོ།,,,,,,
,,107,3,《སྣར་》,རྟ།,,,,,,
,852,108,1,《པེ་》《སྣར་》,བཞག,,,,,,
,,109,2,《པེ་》《སྣར་》,ཡིན།,,,,,,
,,110,3,《པེ་》《སྣར་》,དབྱེ།,,,,,,
,853,111,1,《པེ་》《སྣར་》,གཞག,,,,,,
,,112,2,《པེ་》《སྣར་》,པོར།,,,,,,
,,113,3,《པེ་》《སྣར་》,གྱི།,,,,,,
,854,114,1,《པེ་》《སྣར་》,ཀྱིས།,,,,,,
,,115,2,《སྣར་》,pཞེས་པ།,,,,,,
,855,116,1,《པེ་》《སྣར་》,བྱའོ།,,,,,,
,856,117,1,《པེ་》《སྣར་》,ལྔར།,,,,,,
,,118,2,《པེ་》《སྣར་》,བསྒྲགས།,,,,,,
,,119,3,《པེ་》《སྣར་》,ད།,,,,,,
,,120,4,《སྣར་》,དང།,,,,,,
,857,121,1,《པེ་》《སྣར་》,པ།,,,,,,
,,122,2,《པེ་》《སྣར་》,ཞུགས།,,,,,,
,,123,3,《པེ་》《སྣར་》,དོ།,,,,,,
,858,124,1,《པེ་》《སྣར་》,བསྒྲུབས།,,,,,,
,,125,2,《པེ་》《སྣར་》,ཏེ།,,,,,,
,,126,3,《པེ་》《སྣར་》,གཟུངས།,,,,,,
,,127,4,《པེ་》《སྣར་》,བསྟེན་ན།,,,,,,
,,128,5,《པེ་》《སྣར་》,ཀྱིས།,,,,,,
,,129,6,《པེ་》《སྣར་》,པར།,,,,,,
,859,130,1,《པེ་》《སྣར་》,དབུས།,,,,,,
,,131,2,《པེ་》《སྣར་》,སོ།,,,,,,
,,132,3,《པེ་》《སྣར་》,ཀྱིས་གང་བསྟེན།,,,,,,
,,133,4,《པེ་》《སྣར་》,གྱིས།,,,,,,
,860,134,1,《པེ་》《སྣར་》,པོ།,,,,,,
,,135,2,《པེ་》《སྣར་》,བཞུགས།,,,,,,
,,136,3,《པེ་》《སྣར་》,mཔ།,,,,,,
,861,137,1,《པེ་》《སྣར་》,པ།,,,,,,
,,138,2,《པེ་》《སྣར་》,གིས།,,,,,,
,,139,3,《པེ་》《སྣར་》,དཔའི་བྱིན་གྱི་བརླབས།,,,,,,
,862,140,1,《པེ་》《སྣར་》,འབྱུང།,,,,,,
,863,141,1,《པེ་》《སྣར་》,བྱུང།,,,,,,
,,142,2,《པེ་》《སྣར་》,mནི།,,,,,,
,,143,3,《པེ་》《སྣར་》,བརླབས།,,,,,,
,864,144,1,《པེ་》《སྣར་》,ལ།,,,,,,
,,145,2,《པེ་》《སྣར་》,mཏུ།,,,,,,
,,146,3,《པེ་》《སྣར་》,mཔ།,,,,,,
,,147,4,《པེ་》《སྣར་》,འདས།,,,,,,
,865,148,1,《པེ་》《སྣར་》,mཔའི།,,,,,,
,866,149,1,《པེ་》《སྣར་》,pཞེས།,,,,,,
,,150,2,《པེ་》《སྣར་》,ཀྱི་ལྟ་ཅི་སྨོས་ཞེས་པ།,,,,,,
,,151,3,《པེ་》《སྣར་》,གཞོན།,,,,,,
,,152,4,《པེ་》《སྣར་》,pདེ།,,,,,,
,867,153,1,《པེ་》《སྣར་》,རྗེ།,,,,,,
,,154,2,《པེ་》《སྣར་》,ཀྱི།,,,,,,
,,155,3,《པེ་》《སྣར་》,འབྱུང།,,,,,,
,,156,4,《པེ་》《སྣར་》,བརླབ།,,,,,,
,,157,5,《པེ་》《སྣར་》,བོའི།,,,,,,
,,158,6,《པེ་》《སྣར་》,ནི།,,,,,,
,,159,7,《པེ་》《སྣར་》,ཀྱི།,,,,,,
,,160,8,《པེ་》《སྣར་》,པ།,,,,,,
,868,161,1,《པེ་》《སྣར་》,སྡང།,,,,,,
,,162,2,《པེ་》,སྐྱེད་པས་ན།;《སྣར་》,བསྒྱེད་པས་ན།,,,,,
,,163,3,《པེ་》《སྣར་》,ལྔ།,,,,,,
,,164,4,《པེ་》《སྣར་》,པར།,,,,,,
,869,165,1,《པེ་》《སྣར་》,གི།,,,,,,
,,166,2,《པེ་》《སྣར་》,རྒྱལ་ཏེ།,,,,,,
,,167,3,《པེ་》《སྣར་》,ཀྱི།,,,,,,
,,168,4,《པེ་》《སྣར་》,པར།,,,,,,
,,169,5,《པེ་》《སྣར་》,སྟེ།,,,,,,
,,170,6,《པེ་》《སྣར་》,སོ།།,,,,,,
,,171,7,《པེ་》《སྣར་》,pན།,,,,,,
,,172,8,《པེ་》《སྣར་》,ན།,,,,,,
,870,173,1,《པེ་》《སྣར་》,པོའི།,,,,,,
,,174,2,《པེ་》《སྣར་》,དྷྲིཀ,,,,,,
,,175,3,《པེ་》《སྣར་》,pཀྱིས།,,,,,,
,,176,4,《པེ་》《སྣར་》,pནམ་མཁའ་ལྟར་གོས་པ་མེད་པའི་མཉམ་པ་ཉིད་ཀྱི་ཡེ་ཤེས་ལ་ནམ་མཁའི་གནས་ཞེས་བྱ་སྟེ།,,,,,,
,,177,5,《པེ་》《སྣར་》,སྤངས།,,,,,,
,,178,6,《པེ་》,རྒྱན།;《སྣར་》,རྒྱུན།,,,,,
,871,179,1,《པེ་》,mཔ་ནི་རྡོ་རྗེ་འདོད་ཆགས།,,,,,,
,,180,2,《པེ་》《སྣར་》,ལིཀ,,,,,,
,,181,3,《པེ་》《སྣར་》,ལིཀ,,,,,,
,,182,4,《པེ་》《སྣར་》,ལིཀ,,,,,,
,,183,5,《པེ་》《སྣར་》,སྒྲུབ།,,,,,,
,,184,6,《པེ་》《སྣར་》,འགུགས།,,,,,,
,,185,7,《པེ་》《སྣར་》,འགུགས།,,,,,,
,,186,8,《པེ་》《སྣར་》,པར།,,,,,,
,872,187,1,《པེ་》《སྣར་》,འཐོབ།,,,,,,
,,188,2,《པེ་》《སྣར་》,དེ།,,,,,,
,,189,3,《པེ་》《སྣར་》,mདེ།,,,,,,
,873,190,1,《པེ་》《སྣར་》,mལ།,,,,,,
,,191,2,《པེ་》《སྣར་》,pརབ་ཏུ།,,,,,,
,,192,3,《པེ་》《སྣར་》,བསླུ།,,,,,,
,,193,4,《པེ་》《སྣར་》,ལ།,,,,,,
,,194,5,《པེ་》《སྣར་》,བསླུ།,,,,,,
,,195,6,《པེ་》《སྣར་》,mལ།,,,,,,
,,196,7,《པེ་》《སྣར་》,རིམས།,,,,,,
,,197,8,《པེ་》《སྣར་》,བསླུ།,,,,,,
,,198,9,《པེ་》《སྣར་》,བསླུ།,,,,,,
,874,199,1,《པེ་》《སྣར་》,ཏོ།,,,,,,
,,200,2,《པེ་》《སྣར་》,སྐྱེད།,,,,,,
,,201,3,《པེ་》《སྣར་》,mནི།,,,,,,
,,202,4,《པེ་》《སྣར་》,བརློབས།,,,,,,
,,203,5,《པེ་》《སྣར་》,ཀྲིཏ།,,,,,,
,875,204,1,《པེ་》《སྣར་》,འཇུག,,,,,,
,,205,2,《པེ་》《སྣར་》,སྐྲད།,,,,,,
,876,206,1,《པེ་》《སྣར་》,ཀྱིས།,,,,,,
,,207,2,《པེ་》《སྣར་》,བསྐྱེད་པར་མཛད་པས།,,,,,,
,,208,3,《པེ་》《སྣར་》,འགྲིབས།,,,,,,
,,209,4,《པེ་》《སྣར་》,པ།,,,,,,
,,210,5,《པེ་》《སྣར་》,pཔ།,,,,,,
,877,211,1,《པེ་》《སྣར་》,དགོད།,,,,,,
,,212,2,《པེ་》《སྣར་》,གྱིས།,,,,,,
,878,213,1,《པེ་》《སྣར་》,འབྱུག,,,,,,
,879,214,1,《པེ་》《སྣར་》,རིགས།,,,,,,
,,215,2,《པེ་》《སྣར་》,བརླབ།,,,,,,
,,216,3,《པེ་》《སྣར་》,བྱའོ།,,,,,,
,,217,4,《པེ་》《སྣར་》,ནི།,,,,,,
,,218,5,《པེ་》《སྣར་》,སྒྲོན།,,,,,,
,,219,6,《པེ་》《སྣར་》,པོ།,,,,,,
,,220,7,《པེ་》《སྣར་》,གི།,,,,,,
,880,221,1,《པེ་》《སྣར་》,pལ།,,,,,,
,,222,2,《པེ་》《སྣར་》,mཔ།,,,,,,
,,223,3,《པེ་》《སྣར་》,བསྐྱེད།,,,,,,
,,224,4,《སྣར་》,mདེ།,,,,,,
,881,225,1,《སྣར་》,ན།,,,,,,
,,226,2,《སྣར་》,ཀྱི།,,,,,,
,,227,3,《པེ་》《སྣར་》,བུ།,,,,,,
,,228,4,《པེ་》《སྣར་》,pའུཾ།,,,,,,
,,229,5,《པེ་》《སྣར་》,སྒྱུ་མ་རླུང་གི་ཁམས་གསུམ་པ།,,,,,,
,,230,6,《པེ་》《སྣར་》,བརླབ་གནས།,,,,,,
,,231,7,《སྣར་》,འགྲུབ།,,,,,,
,,232,8,《པེ་》《སྣར་》,མའོ།,,,,,,
,,233,9,《པེ་》《སྣར་》,གྱི་ལུས་ཀྱིས།,,,,,,
,882,234,1,《པེ་》《སྣར་》,mཔས་བཤད།,,,,,,
,,235,2,《པེ་》《སྣར་》,སྒོམ།,,,,,,
,,236,3,《པེ་》《སྣར་》,སྒོམ།,,,,,,
,,237,4,《པེ་》《སྣར་》,སྒོམ།,,,,,,
,,238,5,《པེ་》《སྣར་》,mདེ།,,,,,,
,,239,6,《པེ་》《སྣར་》,བསྒོམ།,,,,,,
,883,240,1,《པེ་》《སྣར་》,ཡིན།,,,,,,
,,241,2,《པེ་》《སྣར་》,mདེ།,,,,,,
,,242,3,《པེ་》《སྣར་》,པར།,,,,,,
,,243,4,《པེ་》《སྣར་》,གྱི།,,,,,,
,,244,5,《པེ་》《སྣར་》,བཟོད།,,,,,,
,,245,6,《པེ་》《སྣར་》,སྒོམ།,,,,,,
,884,246,1,《པེ་》《སྣར་》,བར།,,,,,,
,,247,2,《པེ་》《སྣར་》,pནི།,,,,,,
,885,248,1,《པེ་》《སྣར་》,ཚུལ།,,,,,,
,,249,2,《པེ་》《སྣར་》,ནི།,,,,,,
,,250,3,《པེ་》《སྣར་》,pབ།,,,,,,
,,251,4,《པེ་》《སྣར་》,ཡི།,,,,,,
,,252,5,《པེ་》《སྣར་》,pདེ།,,,,,,
,886,253,1,《པེ་》《སྣར་》,པ་སྟེ།,,,,,,
,,254,2,《པེ་》《སྣར་》,pདེ།,,,,,,
,,255,3,《པེ་》《སྣར་》,pཔར།,,,,,,
,887,256,1,《པེ་》《སྣར་》,པ།,,,,,,
,,257,2,《པེ་》《སྣར་》,ཁྱོད།,,,,,,
,,258,3,《པེ་》《སྣར་》,རྟོགས།,,,,,,
,,259,4,《པེ་》《སྣར་》,pཀྱི།,,,,,,
,888,260,1,《པེ་》《སྣར་》,ཁྱེད།,,,,,,
,,261,2,《པེ་》《སྣར་》,པར།,,,,,,
,,262,3,《པེ་》《སྣར་》,པའི།,,,,,,
,,263,4,《པེ་》《སྣར་》,།།  །།སྒྲོན།,,,,,,
,,264,5,《པེ་》《སྣར་》,གི།,,,,,,
,,265,6,《པེ་》《སྣར་》,mརྣམས།,,,,,,
,889,266,1,《པེ་》《སྣར་》,བ་ལ།,,,,,,
,,267,2,《པེ་》《སྣར་》,པ།,,,,,,
,,268,3,《པེ་》《སྣར་》,ལྔ་པའི།,,,,,,
,,269,4,《པེ་》《སྣར་》,པོའོ།,,,,,,
,,270,5,《པེ་》《སྣར་》,བཏབ།,,,,,,
,890,271,1,《པེ་》《སྣར་》,བྱ་བ་སྟེ།,,,,,,
,,272,2,《པེ་》《སྣར་》,བཞག,,,,,,
,,273,3,《པེ་》《སྣར་》,ཡི།,,,,,,
,,274,4,《པེ་》《སྣར་》,པའི།,,,,,,
,,275,5,《པེ་》《སྣར་》,པ།,,,,,,
,,276,6,《པེ་》《སྣར་》,ན།,,,,,,
,,277,7,《པེ་》《སྣར་》,mའཇིགས།,,,,,,
,891,278,1,《པེ་》《སྣར་》,པར།,,,,,,
,,279,2,《པེ་》《སྣར་》,pའུཾ།,,,,,,
,,280,3,《པེ་》《སྣར་》,ཡི།,,,,,,
,,281,4,《པེ་》《སྣར་》,སྒྲུབ།,,,,,,
,,282,5,《པེ་》《སྣར་》,རློབས།,,,,,,
,,283,6,《པེ་》《སྣར་》,དྷརྨཱ་དྷཱ།,,,,,,
,,284,7,《པེ་》《སྣར་》,པས།,,,,,,
,892,285,1,《པེ་》《སྣར་》,པོའོ།,,,,,,
,,286,2,《པེ་》《སྣར་》,ཀྱི།,,,,,,
,,287,3,《པེ་》《སྣར་》,མོ།,,,,,,
,,288,4,《པེ་》《སྣར་》,ན།,,,,,,
,893,289,1,《པེ་》《སྣར་》,སྟེ།,,,,,,
,,290,2,《པེ་》《སྣར་》,pསྣ།,,,,,,
,,291,3,《པེ་》《སྣར་》,སྣ།,,,,,,
,,292,4,《པེ་》《སྣར་》,བསྒོམ།,,,,,,
,,293,5,《པེ་》《སྣར་》,mསུ།,,,,,,
,,294,6,《པེ་》《སྣར་》,གི།,,,,,,
,,295,7,《པེ་》《སྣར་》,ཀྱི།,,,,,,
,894,296,1,《པེ་》《སྣར་》,mདེ།,,,,,,
,,297,2,《པེ་》《སྣར་》,དྷརྨཱ།,,,,,,
,,298,3,《པེ་》《སྣར་》,བསྒོམས།,,,,,,
,,299,4,《པེ་》《སྣར་》,བསྒོམ།,,,,,,
,,300,5,《པེ་》《སྣར་》,བསྐྱེད།,,,,,,
,,301,6,《པེ་》《སྣར་》,ཡོང།,,,,,,
,895,302,1,《པེ་》《སྣར་》,གཡོག,,,,,,
,,303,2,《པེ་》《སྣར་》,pཀྱི།,,,,,,
,896,304,1,《སྣར་》,བརྟེན།,,,,,,
,,305,2,《པེ་》《སྣར་》,ཀྱིས།,,,,,,
,,306,3,《པེ་》《སྣར་》,དགང།,,,,,,
,,307,4,《པེ་》《སྣར་》,བ།,,,,,,
,897,308,1,《པེ་》《སྣར་》,ཀྱི།,,,,,,
,,309,2,《པེ་》《སྣར་》,པའི།,,,,,,
,,310,3,《པེ་》《སྣར་》,mབ།,,,,,,
,,311,4,《པེ་》《སྣར་》,འབྱུང།,,,,,,
,,312,5,《པེ་》《སྣར་》,འབྱུང་བ།,,,,,,
,,313,6,《པེ་》《སྣར་》,བསྐྱེད།,,,,,,
,898,314,1,《པེ་》《སྣར་》,pའདི།,,,,,,
,,315,2,《པེ་》《སྣར་》,བཞི་ཡི།,,,,,,
,,316,3,《པེ་》,བསྲེགས།;《སྣར་》,བསེགས།,,,,,
,,317,4,《སྣར་》,mཔ།,,,,,,
,899,318,1,《པེ་》《སྣར་》,པ།,,,,,,
,,319,2,《པེ་》《སྣར་》,pཔ།,,,,,,
,,320,3,《པེ་》《སྣར་》,mའབྱུང་གནས།,,,,,,
,,321,4,《པེ་》《སྣར་》,pཀུན།,,,,,,
,900,322,1,《པེ་》《སྣར་》,pལ།,,,,,,
,,323,2,《པེ་》《སྣར་》,བུའི།,,,,,,
,,324,3,《པེ་》《སྣར་》,དགར་བའོ།,,,,,,
,901,325,1,《པེ་》《སྣར་》,གིས།,,,,,,
,,326,2,《པེ་》《སྣར་》,ཏོ།།,,,,,,
,,327,3,《པེ་》《སྣར་》,pདང།,,,,,,
,,328,4,《པེ་》《སྣར་》,བཞག,,,,,,
,,329,5,《པེ་》《སྣར་》,ལྡབ།,,,,,,
,,330,6,《པེ་》《སྣར་》,pབ།,,,,,,
,902,331,1,《པེ་》《སྣར་》,ཞེས།,,,,,,
,,332,2,《པེ་》《སྣར་》,བལྟོས།,,,,,,
,,333,3,《པེ་》《སྣར་》,གི།,,,,,,
,,334,4,《པེ་》《སྣར་》,པོས།,,,,,,
,,335,5,《པེ་》《སྣར་》,ཀྱི།,,,,,,
,,336,6,《པེ་》《སྣར་》,པ་སྟེ།,,,,,,
,903,337,1,《པེ་》《སྣར་》,པ།,,,,,,
,,338,2,《པེ་》《སྣར་》,བལྟོས།,,,,,,
,,339,3,《པེ་》《སྣར་》,བལྟོས།,,,,,,
,,340,4,《པེ་》《སྣར་》,པའོ།།,,,,,,
,,341,5,《པེ་》《སྣར་》,pཔ།,,,,,,
,,342,6,《པེ་》《སྣར་》,དབྱུགས།,,,,,,
,904,343,1,《པེ་》《སྣར་》,གཟུང།,,,,,,
,,344,2,《པེ་》《སྣར་》,ཀཱིར།,,,,,,
,,345,3,《པེ་》《སྣར་》,བརླབས།,,,,,,
,,346,4,《པེ་》《སྣར་》,mཀྱི།,,,,,,
,,347,5,《པེ་》《སྣར་》,བ།,,,,,,
,,348,6,《པེ་》《སྣར་》,བསྟབ་པར།,,,,,,
,,349,7,《སྣར་》,ནས།,,,,,,
,905,350,1,《པེ་》《སྣར་》,འུཾ་ལིང་གིས་བཤད་པ།,,,,,,
,,351,2,《པེ་》《སྣར་》,སྒྲིལ།,,,,,,
,906,352,1,《པེ་》《སྣར་》,ལྷོར།,,,,,,
,,353,2,《པེ་》《སྣར་》,ཀི།,,,,,,
,,354,3,《པེ་》《སྣར་》,དབྱུག,,,,,,
,,355,4,《པེ་》《སྣར་》,པ།,,,,,,
,,356,5,《པེ་》《སྣར་》,བྱ།,,,,,,
,907,357,1,《པེ་》《སྣར་》,བྱས།,,,,,,
,,358,2,《པེ་》《སྣར་》,བརྙས།,,,,,,
,,359,3,《པེ་》《སྣར་》,pལ།,,,,,,
,908,360,1,《པེ་》《སྣར་》,mགྱི།,,,,,,
,,361,2,《པེ་》《སྣར་》,གིས།,,,,,,
,,362,3,《པེ་》《སྣར་》,བསྒོམས།,,,,,,
,909,363,1,《པེ་》《སྣར་》,ཡིས།,,,,,,
,,364,2,《སྣར་》,mརྗེ།,,,,,,
,,365,3,《པེ་》《སྣར་》,ལ།,,,,,,
,,366,4,《པེ་》《སྣར་》,འགྱུར་བས།,,,,,,
,,367,5,《པེ་》《སྣར་》,ན།,,,,,,
,,368,6,《པེ་》《སྣར་》,བཟུང།,,,,,,
,,369,7,《པེ་》《སྣར་》,ཏ།,,,,,,
,910,370,1,《པེ་》《སྣར་》,ད།,,,,,,
,,371,2,《པེ་》《སྣར་》,བརྙས།,,,,,,
,,372,3,《པེ་》《སྣར་》,འགྲུབ།,,,,,,
,,373,4,《པེ་》《སྣར་》,འགྲུབ།,,,,,,
,,374,5,《པེ་》《སྣར་》,འགྲུབ།,,,,,,
,,375,6,《སྣར་》,mཔ།,,,,,,
,,376,7,《པེ་》《སྣར་》,པའི།,,,,,,
,911,377,1,《པེ་》《སྣར་》,པའོ།།,,,,,,
,,378,2,《པེ་》《སྣར་》,pབ།,,,,,,
,,379,3,《པེ་》《སྣར་》,གནོད།,,,,,,
,,380,4,《པེ་》《སྣར་》,ལས།,,,,,,
,,381,5,《པེ་》《སྣར་》,འཐོབ།,,,,,,
,,382,6,《པེ་》《སྣར་》,འཐོབ།,,,,,,
,,383,7,《པེ་》《སྣར་》,བཅུགས།,,,,,,
,912,384,1,《པེ་》《སྣར་》,སྐྱེད།,,,,,,
,,385,2,《པེ་》《སྣར་》,pཆགས།,,,,,,
,,386,3,《པེ་》《སྣར་》,mདུ།,,,,,,
,,387,4,《པེ་》《སྣར་》,འདོད།,,,,,,
,913,388,1,《པེ་》《སྣར་》,འཐོབ།,,,,,,
,,389,2,《པེ་》《སྣར་》,བརྟུལ།,,,,,,
,,390,3,《པེ་》《སྣར་》,pརྡོ་རྗེའི།,,,,,,
,,391,4,《པེ་》《སྣར་》,གསུང། ,,,,,,(འདིའི་འོག་གི་གསུངས་རྣམས་《པེ་》《སྣར་》དུ་མང་ཆེ་བར་གསུང་ཞེས་འཁོད་ཀྱང་བསྡུར་མཆན་དུ་བཀོད་མེད།)
,,392,5,《པེ་》《སྣར་》,གི།,,,,,,
,914,393,1,《པེ་》《སྣར་》,ཀྱིས།,,,,,,
,,394,2,《པེ་》《སྣར་》,པའི།,,,,,,
,,395,3,《པེ་》《སྣར་》,ཞིག,,,,,,
,,396,4,《པེ་》《སྣར་》,ཀྱིས།,,,,,,
,,397,5,《པེ་》《སྣར་》,ལས།,,,,,,
,,398,6,《པེ་》《སྣར་》,ཀྱི།,,,,,,
,,399,7,《པེ་》《སྣར་》,pནི།,,,,,,
,915,400,1,《པེ་》《སྣར་》,འགགས།,,,,,,
,,401,2,《པེ་》《སྣར་》,ཏེ།,,,,,,
,,402,3,《པེ་》《སྣར་》,ཡིས།,,,,,,
,,403,4,《པེ་》《སྣར་》,ཆེ།,,,,,,
,,404,5,《པེ་》《སྣར་》,སྟེ།,,,,,,
,916,405,1,《པེ་》《སྣར་》,ན།,,,,,,
,,406,2,《པེ་》《སྣར་》,mསྟེ།,,,,,,
,,407,3,《པེ་》《སྣར་》,pདེ།,,,,,,
,,408,4,《པེ་》《སྣར་》,དཔའ།,,,,,,
,,409,5,《པེ་》《སྣར་》,pཔར།,,,,,,
,,410,6,《པེ་》《སྣར་》,པས།,,,,,,
,917,411,1,《པེ་》《སྣར་》,པས།,,,,,,
,,412,2,《པེ་》《སྣར་》,ཏེ།,,,,,,
,,413,3,《པེ་》《སྣར་》,དེ།,,,,,,
,918,414,1,《པེ་》《སྣར་》,pགྱི།,,,,,,
,,415,2,《པེ་》《སྣར་》,འདུས།,,,,,,
,,416,3,《པེ་》《སྣར་》,བྱུང།,,,,,,
,,417,4,《པེ་》《སྣར་》,སྐྱོད།,,,,,,
,919,418,1,《པེ་》《སྣར་》,གཞི།,,,,,,
,,419,2,《པེ་》《སྣར་》,pའདས།,,,,,,
,,420,3,《པེ་》《སྣར་》,བརླབ།,,,,,,
,,421,4,《པེ་》《སྣར་》,བྱ་བའོ།,,,,,,
,920,422,1,《པེ་》《སྣར་》,པའོ།།,,,,,,
,,423,2,《པེ་》《སྣར་》,pདེ།,,,,,,
,,424,3,《པེ་》《སྣར་》,ཨཱཏྨ།,,,,,,
,,425,4,《པེ་》《སྣར་》,པོ།,,,,,,
,,426,5,《པེ་》《སྣར་》,པར།,,,,,,
,,427,6,《པེ་》《སྣར་》,pདོན།,,,,,,
,921,428,1,《པེ་》《སྣར་》,དཔའ།,,,,,,
,,429,2,《ཅོ་》,pགྱིས།,,,,,,
,,430,3,《པེ་》《སྣར་》,ཡིས།,,,,,,
,,431,4,《པེ་》《སྣར་》,ཀ།,,,,,,
,,432,5,《པེ་》《སྣར་》,རློབ།,,,,,,
,,433,6,《པེ་》《སྣར་》,གཏོགས།,,,,,,
,,434,7,《པེ་》《སྣར་》,སྒྲགས།,,,,,,
,,435,8,《པེ་》《སྣར་》,མི།,,,,,,
,922,436,1,《པེ་》《སྣར་》,ཀྱིས།,,,,,,
,,437,2,《པེ་》《སྣར་》,ཀྱིས་ཞེས།,,,,,,
,,438,3,《པེ་》《སྣར་》,pདེ།,,,,,,
,,439,4,《པེ་》《སྣར་》,པ།,,,,,,
,,440,5,《པེ་》《སྣར་》,བརླབས།,,,,,,
,,441,6,《པེ་》《སྣར་》,ཛཱ།,,,,,,
,923,442,1,《པེ་》《སྣར་》,འཐོབ།,,,,,,
,,443,2,《པེ་》《སྣར་》,mཔ།,,,,,,
,924,444,1,《པེ་》《སྣར་》,ལ།,,,,,,
,,445,2,《པེ་》《སྣར་》,དང་ལྡན་པའི།,,,,,,
,,446,3,《པེ་》《སྣར་》,གྱུར་པའི།,,,,,,
,925,447,1,《པེ་》《སྣར་》,བསྒོམ།,,,,,,
,,448,2,《པེ་》《སྣར་》,འདིས།,,,,,,
,,449,3,《པེ་》《སྣར་》,pཞིག་བྱ།,,,,,,
,,450,4,《པེ་》《སྣར་》,སྐྱེད།,,,,,,
,,451,5,《པེ་》《སྣར་》,mཡིན།,,,,,,
,,452,6,《པེ་》《སྣར་》,mཔ།,,,,,,
,,453,7,《པེ་》《སྣར་》,pགྱི།,,,,,,
,,454,8,《པེ་》《སྣར་》,རྟོགས།,,,,,,
,926,455,1,《པེ་》《སྣར་》,བསྐྱེད།,,,,,,
,,456,2,《པེ་》《སྣར་》,mནི།,,,,,,
,,457,3,《པེ་》《སྣར་》,བསླབ།,,,,,,
,,458,4,《པེ་》《སྣར་》,པར།,,,,,,
,927,459,1,《པེ་》《སྣར་》,pསྣང།,,,,,,
,,460,2,《པེ་》《སྣར་》,བཞུགས།,,,,,,
,,461,3,《པེ་》《སྣར་》,mཀྱི།,,,,,,
,,462,4,《པེ་》《སྣར་》,བསྒྲུབས།,,,,,,
,,463,5,《པེ་》《སྣར་》,བརྩམས།,,,,,,
,928,464,1,《པེ་》《སྣར་》,ཀྱི།,,,,,,
,,465,2,《པེ་》《སྣར་》,ཀྱིས།,,,,,,
,929,466,1,《པེ་》《སྣར་》,རིམ།,,,,,,
,,467,2,《པེ་》《སྣར་》,རིམ་ཇི།,,,,,,
,,468,3,《པེ་》《སྣར་》,pབ།,,,,,,
,,469,4,《པེ་》《སྣར་》,བརྟག,,,,,,
,,470,5,《པེ་》《སྣར་》,པས།,,,,,,
,930,471,1,《པེ་》《སྣར་》,ཕྱེ།,,,,,,
,,472,2,《པེ་》《སྣར་》,པ།,,,,,,
,,473,3,《པེ་》《སྣར་》,བརྟག,,,,,,
,,474,4,《པེ་》《སྣར་》,mདཀྱིལ་འཁོར་ནི་ཆུའི།,,,,,,
,,475,5,《པེ་》《སྣར་》,pསུ།,,,,,,
,,476,6,《པེ་》《སྣར་》,mབ།,,,,,,
,931,477,1,《པེ་》《སྣར་》,ནི།,,,,,,
,,478,2,《པེ་》《སྣར་》,pདཀྱིལ་འཁོར་བཞི་པོ་རེ་རེའི།,,,,,,
,,479,3,《པེ་》《སྣར་》,བསྒྲེས།,,,,,,
,,480,4,《པེ་》《སྣར་》,pརྣམ།,,,,,,
,,481,5,《པེ་》《སྣར་》,གིའི།,,,,,,
,932,482,1,《པེ་》《སྣར་》,འང།,,,,,,
,,483,2,《པེ་》《སྣར་》,། །དེས།,,,,,,
,,484,3,《པེ་》《སྣར་》,mཀྱི།,,,,,,
,,485,4,《པེ་》《སྣར་》,mཀྱི།,,,,,,
,,486,5,《པེ་》《སྣར་》,ཀྱིས།,,,,,,
,933,487,1,《པེ་》《སྣར་》,བརྟག,,,,,,
,,488,2,《པེ་》《སྣར་》,བསད་པ།,,,,,,
,934,489,1,《པེ་》《སྣར་》,སྤྱད།,,,,,,
,,490,2,《པེ་》《སྣར་》,mགསུངས་ཏེ།,,,,,,
,,491,3,《པེ་》《སྣར་》,ཆན།,,,,,,
,,492,4,《པེ་》《སྣར་》,རིངས།,,,,,,
,,493,5,《པེ་》《སྣར་》,འཕངས།,,,,,,
,935,494,1,《པེ་》《སྣར་》,རྫི།,,,,,,
,,495,2,《པེ་》《སྣར་》,ཐོབ།,,,,,,
,936,496,1,《པེ་》《སྣར་》,pདམ།,,,,,,
,,497,2,《པེ་》《སྣར་》,འཐོབ།,,,,,,
,,498,3,《པེ་》《སྣར་》,ཀྱིས།,,,,,,
,,499,4,《པེ་》《སྣར་》,འབྲངས།,,,,,,
,,500,5,《པེ་》《སྣར་》,རྟེན།,,,,,,
,937,501,1,《པེ་》《སྣར་》,ཁམ།,,,,,,
,,502,2,《པེ་》《སྣར་》,པ།,,,,,,
,,503,3,《པེ་》《སྣར་》,འཐོབ།,,,,,,
,938,504,1,《པེ་》《སྣར་》,བརྟེན།,,,,,,
,,505,2,《པེ་》《སྣར་》,པའི།,,,,,,
,939,506,1,《པེ་》《སྣར་》,pབྱ།,,,,,,
,,507,2,《པེ་》《སྣར་》,ཟད།,,,,,,
,,508,3,《སྣར་》,བསྟན།,,,,,,
,940,509,1,《པེ་》《སྣར་》,བསྟེན།,,,,,,
,,510,2,《སྣར་》,བཟའ།,,,,,,
,,511,3,《པེ་》,ཟླ་བའི།;《སྣར་》,ཟ་བའི།,,,,,
,,512,4,《སྣར་》,བཟས།,,,,,,
,,513,5,《པེ་》《སྣར་》,བ་ཞེས་བྱ་བ།,,,,,,
,,514,6,《པེ་》《སྣར་》,བྱའོ།,,,,,,
,,515,7,《པེ་》《སྣར་》,pཔ།,,,,,,
,,516,8,《པེ་》《སྣར་》,འཐོབ།,,,,,,
,941,517,1,《པེ་》《སྣར་》,སློངས།,,,,,,
,,518,2,《སྣར་》,མི།,,,,,,
,,519,3,《པེ་》《སྣར་》,གིས།,,,,,,
,,520,4,《སྣར་》,བསྟན།,,,,,,
,942,521,1,《པེ་》《སྣར་》,སྟེན།,,,,,,
,,522,2,《པེ་》《སྣར་》,pཡིན།,,,,,,
,943,523,1,《པེ་》《སྣར་》,དེ།,,,,,,
,,524,2,《པེ་》《སྣར་》,བསྟབ།,,,,,,
,,525,3,《པེ་》《སྣར་》,བསྟབ།,,,,,,
,944,526,1,《པེ་》《སྣར་》,སྦྱང།,,,,,,
,,527,2,《པེ་》《སྣར་》,སྒྲ།,,,,,,
,,528,3,《པེ་》《སྣར་》,པས།,,,,,,
,,529,4,《པེ་》《སྣར་》,བསམ།,,,,,,
,,530,5,《པེ་》《སྣར་》,pཞེས་བྱ་བ་ལ།,,,,,,
,945,531,1,《པེ་》《སྣར་》,སྐྱེད།,,,,,,
,,532,2,《པེ་》《སྣར་》,གྱིས།,,,,,,
,,533,3,《པེ་》《སྣར་》,pདེ།,,,,,,
,,534,4,《པེ་》《སྣར་》,mལ།,,,,,,
,946,535,1,《པེ་》《སྣར་》,སྐྱོད།,,,,,,
,,536,2,《པེ་》《སྣར་》,དོ།།,,,,,,
,947,537,1,《པེ་》《སྣར་》,སྦས།,,,,,,
,,538,2,《པེ་》《སྣར་》,སྟིམ།,,,,,,
,,539,3,《པེ་》《སྣར་》,དུ།,,,,,,
,,540,4,《སྣར་》,ཞིང།,,,,,,
,,541,5,《པེ་》《སྣར་》,mསོགས།,,,,,,
,,542,6,《པེ་》《སྣར་》,སྒོམ།,,,,,,
,948,543,1,《པེ་》《སྣར་》,མཆོད།,,,,,,
,,544,2,《པེ་》《སྣར་》,པའི།,,,,,,
,,545,3,《པེ་》《སྣར་》,གྱིས།,,,,,,
,,546,4,《པེ་》《སྣར་》,གཞུག,,,,,,
,,547,5,《པེ་》《སྣར་》,པ།,,,,,,
,,548,6,《པེ་》《སྣར་》,པས།,,,,,,
,949,549,1,《པེ་》《སྣར་》,ཀྱི།,,,,,,
,,550,2,《པེ་》《སྣར་》,བརླབས།,,,,,,
,,551,3,《པེ་》《སྣར་》,mཞེས་བྱ་བ་སྟེ།,,,,,,
,,552,4,《པེ་》《སྣར་》,བརླབས་ཀྱི།,,,,,,
,,553,5,《པེ་》《སྣར་》,བརླབ།,,,,,,
,,554,6,《པེ་》《སྣར་》,mམ།,,,,,,
,950,555,1,《པེ་》《སྣར་》,དེ།,,,,,,
,,556,2,《སྣར་》,mརྗེ།,,,,,,
,,557,3,《པེ་》《སྣར་》,བསམ།,,,,,,
,,558,4,《པེ་》《སྣར་》,གྱི།,,,,,,
,,559,5,《པེ་》《སྣར་》,བརྟགས།,,,,,,
,,560,6,《པེ་》《སྣར་》,གྱི།,,,,,,
,,561,7,《པེ་》《སྣར་》,རྗེས་སུ་དྲན་པ།,,,,,,
,951,562,1,《པེ་》《སྣར་》,ནི།,,,,,,
,,563,2,《པེ་》《སྣར་》,ན།,,,,,,
,,564,3,《པེ་》《སྣར་》,ནས།,,,,,,
,,565,4,《པེ་》《སྣར་》,ལས།,,,,,,
,,566,5,《པེ་》《སྣར་》,སྐྱོད།,,,,,,
,952,567,1,《པེ་》《སྣར་》,ཕྱིར།,,,,,,
,,568,2,《པེ་》《སྣར་》,བྱ།,,,,,,
,,569,3,《པེ་》《སྣར་》,རྒྱ།,,,,,,
,,570,4,《པེ་》《སྣར་》,བྱ་བ།,,,,,,
,953,571,1,《པེ་》《སྣར་》,བྱང་བའོ།,,,,,,
,,572,2,《པེ་》《སྣར་》,དེ།,,,,,,
,,573,3,《པེ་》《སྣར་》,སྒོམ།,,,,,,
,,574,4,《པེ་》《སྣར་》,mནི།,,,,,,
,,575,5,《པེ་》《སྣར་》,པ།,,,,,,
,954,576,1,《པེ་》《སྣར་》,སྒོམ།,,,,,,
,,577,2,《པེ་》《སྣར་》,བྱིངས།,,,,,,
,,578,3,《པེ་》《སྣར་》,གསུང།,,,,,,
,955,579,1,《པེ་》《སྣར་》,mཐུགས།,,,,,,
,,580,2,《པེ་》《སྣར་》,སྒོམ།,,,,,,
,,581,3,《པེ་》《སྣར་》,pདེ།,,,,,,
,,582,4,《པེ་》《སྣར་》,གི།,,,,,,
,,583,5,《པེ་》《སྣར་》,pསྐུ།,,,,,,
,,584,6,《པེ་》《སྣར་》,བར།,,,,,,
,956,585,1,《པེ་》《སྣར་》,ད།,,,,,,
,,586,2,《པེ་》《སྣར་》,བརྟོན།,,,,,,
,,587,3,《པེ་》,ནུ་དང།;《སྣར་》,ནུ།,,,,,
,,588,4,《པེ་》《སྣར་》,pདཀྱིལ།,,,,,,
,957,589,1,《པེ་》《སྣར་》,བ་ནས།,,,,,,
,,590,2,《པེ་》《སྣར་》,བརྟགས།,,,,,,
,,591,3,《པེ་》《སྣར་》,mདོན།,,,,,,
,,592,4,《པེ་》《སྣར་》,རིམ།,,,,,,
,,593,5,《པེ་》《སྣར་》,mམ།,,,,,,
,,594,6,《པེ་》《སྣར་》,ནི།,,,,,,
,,595,7,《པེ་》《སྣར་》,ཕྱེ།,,,,,,
,,596,8,《པེ་》《སྣར་》,བསད།,,,,,,
,958,597,1,《པེ་》《སྣར་》,སྒོམ།,,,,,,
,,598,2,《པེ་》《སྣར་》,པ།,,,,,,
,,599,3,《པེ་》《སྣར་》,ན།,,,,,,
,959,600,1,《པེ་》《སྣར་》,སྒོམ།,,,,,,
,,601,2,《པེ་》《སྣར་》,pགཅིག་པའི་ཕྱིར།,,,,,,
,960,602,1,《པེ་》《སྣར་》,mདེ།,,,,,,
,,603,2,《པེ་》《སྣར་》,པ།,,,,,,
,,604,3,《པེ་》《སྣར་》,mཔའི།,,,,,,
,961,605,1,《པེ་》《སྣར་》,pལ།,,,,,,
,,606,2,《པེ་》《སྣར་》,ཐོབ།,,,,,,
,,607,3,《པེ་》《སྣར་》,རྒྱུད།,,,,,,
,,608,4,《པེ་》《སྣར་》,བསྒོམས།,,,,,,
,962,609,1,《པེ་》《སྣར་》,པས།,,,,,,
,963,610,1,《པེ་》《སྣར་》,དེས།,,,,,,
,,611,2,《སྣར་》,mན།,,,,,,
,,612,3,《པེ་》《སྣར་》,སྦྱོང།,,,,,,
,,613,4,《པེ་》《སྣར་》,སྐྱེད།,,,,,,
,964,614,1,《པེ་》《སྣར་》,pདེ།,,,,,,
,,615,2,《པེ་》《སྣར་》,སྐོར།,,,,,,
,,616,3,《པེ་》《སྣར་》,ཁྱེད།,,,,,,
,,617,4,《སྣར་》,pབཞིན།,,,,,,
,965,618,1,《པེ་》《སྣར་》,pན།,,,,,,
,,619,2,《སྣར་》,pལས།,,,,,,
,,620,3,《པེ་》《སྣར་》,ན།,,,,,,
,,621,4,《པེ་》《སྣར་》,ཀྱིས།,,,,,,
,,622,5,《པེ་》《སྣར་》,སྐོར།,,,,,,
,966,623,1,《པེ་》《སྣར་》,མཐས།,,,,,,
,,624,2,《སྣར་》,pདེ།,,,,,,
,967,625,1,《པེ་》《སྣར་》,mངོ་།,,,,,,
,,626,2,《པེ་》《སྣར་》,བཞོན།,,,,,,
,,627,3,《པེ་》《སྣར་》,བརླབས།,,,,,,
,,628,4,《པེ་》《སྣར་》,བྱའོ།,,,,,,
,,629,5,《པེ་》《སྣར་》,ལོག,,,,,,
,,630,6,《པེ་》《སྣར་》,ལྷའི།,,,,,,
,,631,7,《པེ་》《སྣར་》,སྦྱངས།,,,,,,
,968,632,1,《པེ་》《སྣར་》,བྱའོ།,,,,,,
,,633,2,《པེ་》《སྣར་》,ཆེས།,,,,,,
,,634,3,《པེ་》《སྣར་》,བཟུང།,,,,,,
,,635,4,《པེ་》《སྣར་》,དོན་ཏོ།།,,,,,,
,,636,5,《པེ་》《སྣར་》,པའི།,,,,,,
,969,637,1,《པེ་》《སྣར་》,བར་རོ།།,,,,,,
,,638,2,《སྣར་》,ས།,,,,,,
,,639,3,《པེ་》《སྣར་》,mནི།,,,,,,
,,640,4,《པེ་》《སྣར་》,ནི།,,,,,,
,970,641,1,《པེ་》《སྣར་》,གྱི།,,,,,,
,,642,2,《པེ་》《སྣར་》,ལ་བྱང།,,,,,,
,,643,3,《པེ་》《སྣར་》,ཀརྣི།,,,,,,
,,644,4,《པེ་》《སྣར་》,མལླི།,,,,,,
,971,645,1,《པེ་》《སྣར་》,ཀརྣི་ཀ་ར་མལླི།,,,,,,
,,646,2,《པེ་》《སྣར་》,རིམ།,,,,,,
,,647,3,《པེ་》《སྣར་》,པ།,,,,,,
,,648,4,《པེ་》《སྣར་》,བསྒོམས།,,,,,,
,972,649,1,《པེ་》《སྣར་》,mན།,,,,,,
,,650,2,《པེ་》《སྣར་》,པའི།,,,,,,
,,651,3,《སྣར་》,mལ།,,,,,,
,974,652,1,《པེ་》《སྣར་》,བསྟབ།,,,,,,
,,653,2,《པེ་》《སྣར་》,ཚད།,,,,,,
,,654,3,《པེ་》《སྣར་》,པ་སྟེ།,,,,,,
,,655,4,《པེ་》《སྣར་》,ནི་རབ་ཀྱི།,,,,,,
,,656,5,《པེ་》《སྣར་》,བསྒྲུབ།,,,,,,
,975,657,1,《པེ་》《སྣར་》,གིས།,,,,,,
,,658,2,《པེ་》《སྣར་》,mབདག་ཉིད་ཀྱི།,,,,,,
,,659,3,《པེ་》《སྣར་》,པ།,,,,,,
,,660,4,《པེ་》《སྣར་》,བརླབས་ཀྱིས།,,,,,,
,,661,5,《པེ་》《སྣར་》,རླབ།,,,,,,
,976,662,1,《པེ་》《སྣར་》,ཕྱི་མའི།,,,,,,
,,663,2,《པེ་》《སྣར་》,བརྟན།,,,,,,
,,664,3,《པེ་》《སྣར་》,གིས།,,,,,,
,,665,4,《པེ་》《སྣར་》,དྲིའི།,,,,,,
,,666,5,《པེ་》《སྣར་》,mལ།,,,,,,
,,667,6,《པེ་》《སྣར་》,pདེ།,,,,,,
,,668,7,《པེ་》《སྣར་》,mདང།,,,,,,
,,669,8,《པེ་》《སྣར་》,འཇིག,,,,,,
,,670,9,《པེ་》《སྣར་》,སྐྱེད།,,,,,,
,,671,10,《པེ་》《སྣར་》,pཔ།,,,,,,
,977,672,1,《པེ་》《སྣར་》,པའོ།,,,,,,
,,673,2,《པེ་》《སྣར་》,mབ།,,,,,,
,,674,3,《པེ་》《སྣར་》,སྐུར།,,,,,,
,978,675,1,《པེ་》《སྣར་》,སྤྱན།,,,,,,
,,676,2,《པེ་》《སྣར་》,སྡེའི།,,,,,,
,,677,3,《པེ་》《སྣར་》,བརླག,,,,,,
,,678,4,《པེ་》《སྣར་》,ནུབ་ནས།,,,,,,
,979,679,1,《པེ་》《སྣར་》,བསད།,,,,,,
,,680,2,《པེ་》《སྣར་》,pགི།,,,,,,
,,681,3,《པེ་》《སྣར་》,བསད།,,,,,,
,,682,4,《པེ་》《སྣར་》,བསྒྲུབ།,,,,,,
,,683,5,《པེ་》《སྣར་》,བསྒྲུབ།,,,,,,
,980,684,1,《པེ་》《སྣར་》,mནི།,,,,,,
,,685,2,《པེ་》《སྣར་》,ཧྲིའི།,,,,,,
,,686,3,《པེ་》《སྣར་》,བཞག,,,,,,
,,687,4,《པེ་》《སྣར་》,གྱི།,,,,,,
,981,688,1,《པེ་》《སྣར་》,ནི།,,,,,,
,,689,2,《པེ་》《སྣར་》,པས།,,,,,,
,,690,3,《པེ་》《སྣར་》,mརང་གི།,,,,,,
,,691,4,《པེ་》《སྣར་》,སྐྱེད།,,,,,,
,,692,5,《པེ་》《སྣར་》,pཐམས་ཅད།,,,,,,
,,693,6,《པེ་》《སྣར་》,ཀྱིས།,,,,,,
,982,694,1,《པེ་》《སྣར་》,རལ།,,,,,,
,,695,2,《པེ་》《སྣར་》,བྱ་ཞིང།,,,,,,
,,696,3,《པེ་》《སྣར་》,སྐྱེད།,,,,,,
,983,697,1,《པེ་》《སྣར་》,བྱའོ།,,,,,,
,984,698,1,《པེ་》《སྣར་》,བསླུ།,,,,,,
,,699,2,《པེ་》《སྣར་》,འདྲ་བར།,,,,,,
,,700,3,《པེ་》《སྣར་》,པར།,,,,,,
,,701,4,《པེ་》《སྣར་》,པའི།,,,,,,
,,702,5,《སྣར་》,pས།,,,,,,
,985,703,1,《པེ་》《སྣར་》,སྐྱེད།,,,,,,
,,704,2,《པེ་》《སྣར་》,དེས།,,,,,,
,,705,3,《པེ་》《སྣར་》,pདག,,,,,,
,,706,4,《པེ་》《སྣར་》,pཞེས་བྱ་བ།,,,,,,
,,707,5,《པེ་》《སྣར་》,mབ།,,,,,,
,986,708,1,《པེ་》《སྣར་》,རྗེས།,,,,,,
,,709,2,《པེ་》《སྣར་》,བརླག,,,,,,
,,710,3,《པེ་》《སྣར་》,ཕྱེ་བརླག,,,,,,
,,711,4,《པེ་》《སྣར་》,ད།,,,,,,
,,712,5,《པེ་》《སྣར་》,pཏུ།,,,,,,
,,713,6,《པེ་》《སྣར་》,སྤྱོད།,,,,,,
,,714,7,《པེ་》《སྣར་》,བརླག,,,,,,
,987,715,1,《པེ་》《སྣར་》,ཀྱི།,,,,,,
,,716,2,《པེ་》《སྣར་》,གི།,,,,,,
,,717,3,《པེ་》《སྣར་》,ཡིས།,,,,,,
,988,718,1,《པེ་》《སྣར་》,འཐོབ།,,,,,,
,989,719,1,《པེ་》《སྣར་》,བརྒལ།,,,,,,
,,720,2,《པེ་》《སྣར་》,mསྟེ།,,,,,,
,,721,3,《པེ་》《སྣར་》,གོ།,,,,,,
,,722,4,《པེ་》《སྣར་》,mབ།,,,,,,
,,723,5,《པེ་》《སྣར་》,ཞིག,,,,,,
,,724,6,《པེ་》《སྣར་》,བཞག,,,,,,
,,725,7,《པེ་》《སྣར་》,ཀྱི།,,,,,,
,990,726,1,《པེ་》《སྣར་》,བལྟོས།,,,,,,
,,727,2,《པེ་》《སྣར་》,རིམ།,,,,,,
,991,728,1,《པེ་》《སྣར་》,ནི།,,,,,,
,,729,2,《པེ་》《སྣར་》,pཉིད།,,,,,,
,,730,3,《པེ་》《སྣར་》,གང།,,,,,,
,,731,4,《པེ་》《སྣར་》,ཀྱི་འོང་བ།,,,,,,
,,732,5,《པེ་》《སྣར་》,pརོ།།,,,,,,
,992,733,1,《པེ་》《སྣར་》,པར།,,,,,,
,,734,2,《པེ་》《སྣར་》,ངེས།,,,,,,
,,735,3,《པེ་》《སྣར་》,མོངས་སུ་མ་གྱུར་པའི།,,,,,,
,,736,4,《པེ་》《སྣར་》,གསུབས།,,,,,,
,,737,5,《པེ་》《སྣར་》,pསྟེང་གི།,,,,,,
,,738,6,《པེ་》《སྣར་》,གཙུབ།,,,,,,
,,739,7,《པེ་》《སྣར་》,pགསུམ་པོ་དེ།,,,,,,
,993,740,1,《པེ་》《སྣར་》,སྐྱོད།,,,,,,
,,741,2,《པེ་》《སྣར་》,རྗེའི།,,,,,,
,,742,3,《པེ་》《སྣར་》,pགྱི་རིམ།,,,,,,
,994,743,1,《པེ་》《སྣར་》,pཏུ།,,,,,,
,,744,2,《པེ་》《སྣར་》,ཏོ།།,,,,,,
,,745,3,《པེ་》《སྣར་》,པའི།,,,,,,
,,746,4,《པེ་》《སྣར་》,mཔ།,,,,,,
,,747,5,《པེ་》《སྣར་》,པོ།,,,,,,
,995,748,1,《པེ་》《སྣར་》,བའི།,,,,,,
,,749,2,《པེ་》《སྣར་》,ཀྱི།,,,,,,
,,750,3,《པེ་》《སྣར་》,བལྟོས།,,,,,,
,,751,4,《པེ་》《སྣར་》,པས་སོ།,,,,,,
,996,752,1,《པེ་》《སྣར་》,སྲེགས།,,,,,,
,,753,2,《པེ་》《སྣར་》,pན།,,,,,,
,,754,3,《པེ་》《སྣར་》,དགྲད།,,,,,,
,,755,4,《པེ་》《སྣར་》,mལ། ལུས་ལ་སོགས་པ།,,,,,,
,,756,5,《པེ་》,པའོ།;《སྣར་》,པ།,,,,,
,,757,6,《པེ་》《སྣར་》,pདབྱེར།,,,,,,
,,758,7,《པེ་》《སྣར་》,mཏུ།,,,,,,
,997,759,1,《པེ་》《སྣར་》,པས།,,,,,,
,,760,2,《པེ་》《སྣར་》,གཅིག,,,,,,
,,761,3,《པེ་》《སྣར་》,pནི།,,,,,,
,,762,4,《པེ་》,རྣམ།;《སྣར་》,རྣམས།,,,,,
,,763,5,《པེ་》《སྣར་》,ཀྱི།,,,,,,
,,764,6,《པེ་》《སྣར་》,མཐས།,,,,,,
,998,765,1,《པེ་》《སྣར་》,པར།,,,,,,
,,766,2,《པེ་》《སྣར་》,ཀྱི།,,,,,,
,,767,3,《སྣར་》,ཤུབ།,,,,,,
,,768,4,《པེ་》《སྣར་》,ན།,,,,,,
,,769,5,《པེ་》《སྣར་》,རིམ།,,,,,,
,999,770,1,《པེ་》《སྣར་》,བཙའ།,,,,,,
,,771,2,《པེ་》《སྣར་》,སོ།,,,,,,
,,772,3,《པེ་》,pལ།;《སྣར་》,pཔ།,,,,,
,,773,4,《པེ་》《སྣར་》,གིས།,,,,,,
,1000,774,1,《པེ་》《སྣར་》,ཀྱི།,,,,,,
,,775,2,《པེ་》《སྣར་》,རིམ།,,,,,,
,,776,3,《པེ་》《སྣར་》,པར།,,,,,,
,,777,4,《པེ་》《སྣར་》,པའི།,,,,,,
,,778,5,《པེ་》《སྣར་》,པ་སྟེ།,,,,,,
,,779,6,《པེ་》《སྣར་》,mཔ།,,,,,,
,,780,7,《པེ་》《སྣར་》,རྗོད།,,,,,,
,,781,8,《པེ་》《སྣར་》,mདང།,,,,,,
,,782,9,《པེ་》《སྣར་》,བཟུང།,,,,,,
,1001,783,1,《པེ་》《སྣར་》,དྲངས་པར་རྣམ་པར།,,,,,,
,1002,784,1,《པེ་》《སྣར་》,pཙམ།,,,,,,
,,785,2,《པེ་》《སྣར་》,mབ།,,,,,,
,,786,3,《པེ་》《སྣར་》,mབོ།,,,,,,
,1003,787,1,《པེ་》《སྣར་》,བསམ།,,,,,,
,,788,2,《པེ་》《སྣར་》,རིགས།,,,,,,
,,789,3,《པེ་》《སྣར་》,ལྷ།,,,,,,
,,790,4,《པེ་》《སྣར་》,བྱའོ།,,,,,,
,,791,5,《པེ་》《སྣར་》,ཚུད།,,,,,,
,1004,792,1,《པེ་》《སྣར་》,ཡིས།,,,,,,
,,793,2,《པེ་》《སྣར་》,mནི།,,,,,,
,,794,3,《པེ་》《སྣར་》,mསོ།།,,,,,,
,1005,795,1,《པེ་》《སྣར་》,བསྒྲུབ།,,,,,,
,,796,2,《པེ་》《སྣར་》,བླང།,,,,,,
,,797,3,《པེ་》《སྣར་》,དོ།,,,,,,
,,798,4,《པེ་》《སྣར་》,pཞེས་བྱ་བ་ནི།,,,,,,
,,799,5,《པེ་》《སྣར་》,pཔ་ཡིན།,,,,,,
,1006,800,1,《པེ་》《སྣར་》,ཀྱིས།,,,,,,
,,801,2,《པེ་》《སྣར་》,mཅན།,,,,,,
,,802,3,《པེ་》《སྣར་》,གིས།,,,,,,
,1007,803,1,《པེ་》《སྣར་》,གང་བས།,,,,,,
,,804,2,《པེ་》《སྣར་》,གྱིས།,,,,,,
,,805,3,《པེ་》《སྣར་》,pགང།,,,,,,
,1008,806,1,《པེ་》《སྣར་》,mཔའི།,,,,,,
,,807,2,《པེ་》《སྣར་》,བལྟ།,,,,,,
,,808,3,《པེ་》《སྣར་》,བརྟགས།,,,,,,
,1009,809,1,《པེ་》《སྣར་》,སྤྱད།,,,,,,
,1010,810,1,《པེ་》,སོ།།;《སྣར་》,པོ།།,,,,,
,1011,811,1,《པེ་》《སྣར་》,སྐྱོད།,,,,,,
,,812,2,《པེ་》《སྣར་》,ཀྱིས།,,,,,,
,,813,3,《པེ་》《སྣར་》,mཔ།,,,,,,
,,814,4,《པེ་》《སྣར་》,pཀྱི།,,,,,,
,,815,5,《པེ་》《སྣར་》,སྐྱེད།,,,,,,
,1012,816,1,《པེ་》《སྣར་》,བྷྲུཾ།,,,,,,
,,817,2,《པེ་》《སྣར་》,སྐྱེད།,,,,,,
,,818,3,《པེ་》《སྣར་》,བསྐྱེད།,,,,,,
,,819,4,《པེ་》《སྣར་》,བྷྲུཾ།,,,,,,
,,820,5,《པེ་》《སྣར་》,བྷྲུཾ།,,,,,,
,,821,6,《པེ་》《སྣར་》,pསུ།,,,,,,
,,822,7,《པེ་》《སྣར་》,བྷྲུཾ།,,,,,,
,,823,8,《པེ་》《སྣར་》,བྱ་བའི།,,,,,,
,,824,9,《པེ་》,བསྒོམས།,,,,,,
,1013,825,1,《པེ་》《སྣར་》,pནི།,,,,,,
,,826,2,《པེ་》《སྣར་》,བྱ་བ།,,,,,,
,1014,827,1,《པེ་》《སྣར་》,རྫོགས།,,,,,,
,,828,2,《པེ་》《སྣར་》,བསྒོམས།,,,,,,
,,829,3,《སྣར་》,རློབས།,,,,,,
,,830,4,《པེ་》《སྣར་》,པའི།,,,,,,
,1015,831,1,《པེ་》《སྣར་》,ཀྱིས།,,,,,,
,,832,2,《པེ་》《སྣར་》,mརྩེ།,,,,,,
,,833,3,《པེ་》《སྣར་》,mལ།,,,,,,
,,834,4,《པེ་》《སྣར་》,པའི།,,,,,,
,,835,5,《པེ་》《སྣར་》,ནི།,,,,,,
,,836,6,《པེ་》《སྣར་》,mཔོ།,,,,,,
,1016,837,1,《པེ་》《སྣར་》,ཀྱིས།,,,,,,
,,838,2,《པེ་》《སྣར་》,mཀྱི།,,,,,,
,,839,3,《སྣར་》,བསྒོམས།,,,,,,
,,840,4,《པེ་》《སྣར་》,ཞེས།,,,,,,
,,841,5,《པེ་》《སྣར་》,ཀྱ།,,,,,,
,,842,6,《པེ་》《སྣར་》,བསྟེན།,,,,,,
,,843,7,《པེ་》《སྣར་》,mདེ།,,,,,,
,,844,8,《པེ་》《སྣར་》,mམ།,,,,,,
,,845,9,《པེ་》《སྣར་》,pདང།,,,,,,
,,846,10,《པེ་》《སྣར་》,བཞུགས།,,,,,,
,,847,11,《པེ་》,mབ།,,,,,,
,,848,12,《པེ་》《སྣར་》,ལ་བལྟོས།,,,,,,
,1017,849,1,《པེ་》《སྣར་》,pདཀྱིལ།,,,,,,
,,850,2,《པེ་》《སྣར་》,ཀྱི།,,,,,,
,,851,3,《པེ་》《སྣར་》,pགི།,,,,,,
,,852,4,《པེ་》《སྣར་》,pཔ།,,,,,,
,,853,5,《པེ་》《སྣར་》,pདེ།,,,,,,
,1018,854,1,《པེ་》《སྣར་》,ཀྱི།,,,,,,
,,855,2,《པེ་》《སྣར་》,pགི།,,,,,,
,,856,3,《པེ་》《སྣར་》,pའོད་ཀྱི།,,,,,,
,,857,4,《པེ་》《སྣར་》,པར།,,,,,,
,,858,5,《པེ་》《སྣར་》,pནི།,,,,,,
,,859,6,《པེ་》《སྣར་》,པ།,,,,,,
,,860,7,《པེ་》《སྣར་》,དོ།།,,,,,,
,,861,8,《པེ་》《སྣར་》,pགི།,,,,,,
,1019,862,1,《པེ་》《སྣར་》,ནི།,,,,,,
,,863,2,《པེ་》《སྣར་》,རྟོག,,,,,,
,,864,3,《པེ་》《སྣར་》,པར་བྱ་བའི།,,,,,,
,1020,865,1,《པེ་》《སྣར་》,གྱུར་པས།,,,,,,
,,866,2,《པེ་》《སྣར་》,བསྐལ་པ།,,,,,,
,,867,3,《པེ་》《སྣར་》,སྟེ།,,,,,,
,,868,4,《པེ་》《སྣར་》,ཞུ་བར།,,,,,,
,,869,5,《པེ་》《སྣར་》,བསྐལ་པ།,,,,,,
,,870,6,《པེ་》《སྣར་》,ན།,,,,,,
,,871,7,《པེ་》《སྣར་》,mམཐོང་བ་ནི་སྣང་བ་མེད་པ་བཞིན་དུ།,,,,,,
,,872,8,《པེ་》《སྣར་》,ལས།,,,,,,
,,873,9,《པེ་》《སྣར་》,རྗེ།,,,,,,
,1021,874,1,《པེ་》《སྣར་》,མའི།,,,,,,
,,875,2,《པེ་》《སྣར་》,བསྒོམ།,,,,,,
,1022,876,1,《སྣར་》,mལ།,,,,,,
,,877,2,《པེ་》《སྣར་》,པ།,,,,,,
,,878,3,《པེ་》《སྣར་》,དེ།,,,,,,
,,879,4,《པེ་》《སྣར་》,pལྔ།,,,,,,
,1023,880,1,《པེ་》《སྣར་》,pམཆོག,,,,,,
,,881,2,《པེ་》《སྣར་》,བསྒོམས།,,,,,,
,,882,3,《པེ་》《སྣར་》,གྲགས།,,,,,,
,1024,883,1,《པེ་》《སྣར་》,པའི།,,,,,,
,,884,2,《པེ་》《སྣར་》,སོགས།,,,,,,
,,885,3,《པེ་》《སྣར་》,བསྒོམས།,,,,,,
,1025,886,1,《སྣར་》,སྒོམས།,,,,,,
,,887,2,《པེ་》《སྣར་》,pན།,,,,,,
,,888,3,《པེ་》《སྣར་》,སྐྱེད།,,,,,,
,,889,4,《པེ་》《སྣར་》,བསྒོམས།,,,,,,
,,890,5,《པེ་》《སྣར་》,གྱུར་པས།,,,,,,
,1026,891,1,《པེ་》《སྣར་》,pཅེས།,,,,,,
,,892,2,《པེ་》《སྣར་》,ནི།,,,,,,
,,893,3,《པེ་》《སྣར་》,སྦྱང།,,,,,,
,,894,4,《པེ་》《སྣར་》,བསྒོམས།,,,,,,
,1027,895,1,《པེ་》《སྣར་》,གིས།,,,,,,
,1028,896,1,《པེ་》《སྣར་》,pནི།,,,,,,
,,897,2,《པེ་》《སྣར་》,སྐྱེད།,,,,,,
,,898,3,《པེ་》《སྣར་》,བསྒྲུབ།,,,,,,
,1029,899,1,《པེ་》《སྣར་》,mརྡོ་རྗེའི།,,,,,,
,,900,2,《པེ་》《སྣར་》,དང།,,,,,,
,,901,3,《པེ་》《སྣར་》,པར།,,,,,,
,1030,902,1,《པེ་》《སྣར་》,mལ།,,,,,,
,,903,2,《པེ་》《སྣར་》,pན།,,,,,,
,,904,3,《པེ་》《སྣར་》,པའི།,,,,,,
,,905,4,《པེ་》《སྣར་》,mའཆང།,,,,,,
,,906,5,《པེ་》,ལྔ་ཡི།;《སྣར་》,ལྔ་ཡིས།,,,,,
,1031,907,1,《པེ་》《སྣར་》,སོ། །དེ་རྣམས་ལ།,,,,,,
,,908,2,《པེ་》《སྣར་》,པར་བྱ་བའི།,,,,,,
,,909,3,《པེ་》《སྣར་》,བཞག,,,,,,
,,910,4,《པེ་》《སྣར་》,བསམ།,,,,,,
,1032,911,1,《པེ་》《སྣར་》,ག,,,,,,
,,912,2,《པེ་》《སྣར་》,བཞག,,,,,,
,,913,3,《པེ་》《སྣར་》,བཞག,,,,,,
,,914,4,《པེ་》《སྣར་》,ལ།,,,,,,
,,915,5,《པེ་》《སྣར་》,པ་བཞག,,,,,,
,1033,916,1,《པེ་》《སྣར་》,སྐལ་བར།,,,,,,
,,917,2,《པེ་》《སྣར་》,སྐལ་བ།,,,,,,
,,918,3,《པེ་》《སྣར་》,pནི།,,,,,,
,,919,4,《པེ་》《སྣར་》,mདང།,,,,,,
,1034,920,1,《པེ་》《སྣར་》,mསྟེ།,,,,,,
,,921,2,《པེ་》《སྣར་》,བསྒོམ།,,,,,,
,1035,922,1,《པེ་》《སྣར་》,མཁར།,,,,,,
,,923,2,《པེ་》《སྣར་》,བུ།,,,,,,
,1036,924,1,《སྣར་》,pངག་དང།,,,,,,
,,925,2,《པེ་》《སྣར་》,ཡི།,,,,,,
,,926,3,《པེ་》《སྣར་》,པ་ཡིའོ།,,,,,,
,,927,4,《པེ་》《སྣར་》,ནམ་ཡང།,,,,,,
,,928,5,《པེ་》《སྣར་》,བྱ་བའོ།,,,,,,
,1037,929,1,《པེ་》《སྣར་》,mསྣང་བ།,,,,,,
,,930,2,《པེ་》《སྣར་》,pཀྱི།,,,,,,
,,931,3,《པེ་》《སྣར་》,བསྒོམ།,,,,,,
,1038,932,1,《པེ་》《སྣར་》,གྱུར་པར།,,,,,,
,,933,2,《པེ་》《སྣར་》,mན།,,,,,,
,,934,3,《པེ་》《སྣར་》,pནི།,,,,,,
,1039,935,1,《པེ་》《སྣར་》,རྟོག,,,,,,
,,936,2,《པེ་》《སྣར་》,བྱའོ།,,,,,,
,,937,3,《པེ་》《སྣར་》,mདེ།,,,,,,
,1040,938,1,《པེ་》《སྣར་》,pགང།,,,,,,
,,939,2,《པེ་》《སྣར་》,རིལ་བུའི། (འདིའི་འོག་གི་རི་ལུའི་ཞེས་པ་རྣམས་72དུ་རིལ་བུའི་ཞེས་འཁོད་ཀྱང་བསྡུར་མཆན་དུ་བཀོད་མེད།),,,,,,
,,940,3,《པེ་》《སྣར་》,ཀྱིས།,,,,,,
,,941,4,《པེ་》《སྣར་》,mདང།,,,,,,
,,942,5,《སྣར་》,པར།,,,,,,
,,943,6,《པེ་》《སྣར་》,pནི།,,,,,,
,,944,7,《པེ་》《སྣར་》,pདེ།,,,,,,
,1041,945,1,《པེ་》《སྣར་》,pདུ།,,,,,,
,,946,2,《པེ་》《སྣར་》,ནས།,,,,,,
,,947,3,《པེ་》《སྣར་》,པོ།,,,,,,
,,948,4,《པེ་》《སྣར་》,mནི།,,,,,,
,,949,5,《པེ་》,ནམ་མཁའི།;《སྣར་》,མཁའི།,,,,,
,,950,6,《པེ་》《སྣར་》,ཏེ།,,,,,,
,1042,951,1,《པེ་》《སྣར་》,པོ།,,,,,,
,,952,2,《པེ་》《སྣར་》,བསྒྲུབ།,,,,,,
,,953,3,《པེ་》《སྣར་》,བསྒྲུབ།,,,,,,
,1043,954,1,《པེ་》《སྣར་》,mཡེ་ཤེས།,,,,,,
,,955,2,《པེ་》,བསམ།,,,,,,
,,956,3,《པེ་》《སྣར་》,གིས།,,,,,,
,,957,4,《པེ་》《སྣར་》,pའཁོར།,,,,,,
,1044,958,1,《པེ་》《སྣར་》,ཀྱིས།,,,,,,
,,959,2,《པེ་》,སྤྱོད།,,,,,,
,,960,3,《པེ་》《སྣར་》,ནས།,,,,,,
,1045,961,1,《པེ་》《སྣར་》,པས་གཟུང།,,,,,,
,,962,2,《པེ་》《སྣར་》,པོ།,,,,,,
,,963,3,《པེ་》《སྣར་》,pའགྱུར་བས་ན། ལས་བྱེད་པར།,,,,,,
,,964,4,《པེ་》《སྣར་》,pརོ།,,,,,,
,1046,965,1,《པེ་》《སྣར་》,pནི།,,,,,,
,,966,2,《པེ་》《སྣར་》,mདམ།,,,,,,
,,967,3,《པེ་》《སྣར་》,mམཆོག,,,,,,
,,968,4,《པེ་》《སྣར་》,mཆེ།,,,,,,
,,969,5,《པེ་》《སྣར་》,pཞེས་ཤེས་པར་བྱའོ།།,,,,,,
,,970,6,《པེ་》《སྣར་》,དགུགས།,,,,,,
,1047,971,1,《པེ་》《སྣར་》,བསྒོམས།,,,,,,
,,972,2,《པེ་》《སྣར་》,mཀྱིས།,,,,,,
,,973,3,《པེ་》《སྣར་》,འཇུག,,,,,,
,,974,4,《པེ་》《སྣར་》,mགིས།,,,,,,
,1048,975,1,《པེ་》《སྣར་》,ལ།,,,,,,
,,976,2,《པེ་》《སྣར་》,བུ་ཡི།,,,,,,
,,977,3,《པེ་》《སྣར་》,བ།,,,,,,
,,978,4,《པེ་》《སྣར་》,གྱིས།,,,,,,
,,979,5,《པེ་》《སྣར་》,ཀྱིས།,,,,,,
,,980,6,《པེ་》《སྣར་》,བསྒྲུབ།,,,,,,
,1049,981,1,《པེ་》《སྣར་》,འདི།,,,,,,
,1050,982,1,《པེ་》《སྣར་》,རྣམས་ཞུགས།,,,,,,
,,983,2,《ཅོ་》,mདང།,,,,,,
,1051,984,1,《པེ་》《སྣར་》,pརྣམས།,,,,,,
,,985,2,《པེ་》《སྣར་》,mསྤྲོ་བས་ཡུལ་དེ་འགེངས་སོ།།,,,,,,
,,986,3,《པེ་》《སྣར་》,རྗེའི།,,,,,,
,,987,4,《པེ་》《སྣར་》,འགྲུབ།,,,,,,
,1052,988,1,《སྣར་》,སྒྲུབ།,,,,,,
,,989,2,《པེ་》《སྣར་》,སྒྲུབ།,,,,,,
,,990,3,《པེ་》《སྣར་》,གཞག,,,,,,
,,991,4,《པེ་》《སྣར་》,pམདོར་བསྟན་པའོ། །བསྙེན་པའི་ཏིང་ངེ་འཛིན་ཞེས་བྱ་བ་ལ་སོགས་པས་ནི།,,,,,,
,1053,992,1,《པེ་》《སྣར་》,གན།,,,,,,
,,993,2,《པེ་》《སྣར་》,mརྣམ་པར།,,,,,,
,,994,3,《པེ་》《སྣར་》,རིམ་གྱིས།,,,,,,
,1054,995,1,《པེ་》《སྣར་》,སྒོམ།,,,,,,
,,996,2,《པེ་》《སྣར་》,ཏེ།,,,,,,
,,997,3,《པེ་》《སྣར་》,mལ།,,,,,,
,,998,4,《པེ་》《སྣར་》,ནི།,,,,,,
,1055,999,1,《པེ་》《སྣར་》,བ།,,,,,,
,,1000,2,《པེ་》《སྣར་》,སྒྲུབ།,,,,,,
,,1001,3,《པེ་》《སྣར་》,mཁོ་ན།,,,,,,
,,1002,4,《ཅོ་》,mདོན།,,,,,,
,,1003,5,《པེ་》《སྣར་》,བསྒྲུབས།,,,,,,
,,1004,6,《པེ་》《སྣར་》,རྣམས།,,,,,,
,1056,1005,1,《པེ་》《སྣར་》《ཅོ་》,སྣ།,,,,,,
,,1006,2,《པེ་》《སྣར་》,ཡི།,,,,,,
,,1007,3,《པེ་》《སྣར་》,pབ།,,,,,,
,,1008,4,《པེ་》《སྣར་》,བསྒོམ།,,,,,,
,,1009,5,《པེ་》《སྣར་》,བརྟགས།,,,,,,
,1057,1010,1,《པེ་》《སྣར་》,པ་ནི།,,,,,,
,,1011,2,《པེ་》《སྣར་》,mདང།,,,,,,
,,1012,3,《སྣར་》,རྟག,,,,,,
,,1013,4,《པེ་》《སྣར་》,དཔྱོད།,,,,,,
,1058,1014,1,《པེ་》《སྣར་》,mགང།,,,,,,
,,1015,2,《པེ་》《སྣར་》,mགང།,,,,,,
,,1016,3,《པེ་》《སྣར་》,པ།,,,,,,
,1059,1017,1,《པེ་》《སྣར་》,ཉེ་བར།,,,,,,
,,1018,2,《པེ་》《སྣར་》,རྗེས།,,,,,,
,1060,1019,1,《པེ་》《སྣར་》,ལ།,,,,,,
,,1020,2,《པེ་》《སྣར་》,གནས་པ།,,,,,,
,,1021,3,《པེ་》《སྣར་》,གཟུགས།,,,,,,
,,1022,4,《པེ་》《སྣར་》,དེ།,,,,,,
,,1023,5,《པེ་》《སྣར་》,སྐྱེད།,,,,,,
,1061,1024,1,《ཅོ་》,བརླབ།,,,,,,
,,1025,2,《པེ་》《སྣར་》,སྒྲུབ།,,,,,,
,1062,1026,1,《པེ་》《སྣར་》,དྲུག,,,,,,
,,1027,2,《པེ་》《སྣར་》,ཀྱི།,,,,,,
,,1028,3,《པེ་》《སྣར་》,བསྟན་པ།,,,,,,
,,1029,4,《པེ་》《སྣར་》,གཞན་ཞིག,,,,,,
,1063,1030,1,《པེ་》《སྣར་》,བསྟན།,,,,,,
,,1031,2,《པེ་》《སྣར་》,pནི།,,,,,,
,1064,1032,1,《སྣར་》《ཅོ་》,པའི།,,,,,,
,,1033,2,《པེ་》《སྣར་》,pཔ།,,,,,,
,,1034,3,《པེ་》《སྣར་》,འཐོབ།,,,,,,
,,1035,4,《པེ་》《སྣར་》,འབྱུང།,,,,,,
,,1036,5,《པེ་》《སྣར་》,mསྒྲུབ་པ་པོ།,,,,,,
,,1037,6,《པེ་》《སྣར་》,པའི།;《ཅོ་》,པོ།,,,,,
,,1038,7,《ཅོ་》,ལ།,,,,,,
,,1039,8,《པེ་》《སྣར་》,བརླབས།,,,,,,
,,1040,9,《པེ་》《སྣར་》,གཅིག,,,,,,
,1065,1041,1,《སྣར་》,ནི།,,,,,,
,,1042,2,《པེ་》《སྣར་》,ན།,,,,,,
,,1043,3,《པེ་》《སྣར་》,pཆེན།,,,,,,
,,1044,4,《པེ་》《སྣར་》,སྒྲུབ་པ་ཆེན།,,,,,,
,,1045,5,《པེ་》《སྣར་》,mན།,,,,,,
,,1046,6,《པེ་》《སྣར་》,pམ།,,,,,,
,1066,1047,1,《པེ་》《སྣར་》,རྟོགས།,,,,,,
,,1048,2,《པེ་》《སྣར་》,ནི།,,,,,,
,,1049,3,《པེ་》《སྣར་》,བལྟས།,,,,,,
,,1050,4,《པེ་》《སྣར་》,pཉམས་སུ།,,,,,,
,,1051,5,《པེ་》《སྣར་》,mནི།,,,,,,
,1067,1052,1,《པེ་》《སྣར་》,ལྡན།,,,,,,
,,1053,2,《པེ་》《སྣར་》,ལས།,,,,,,
,,1054,3,《པེ་》《སྣར་》,དེ་གསུངས་པར།,,,,,,
,,1055,4,《པེ་》《སྣར་》,གི།,,,,,,
,,1056,5,《པེ་》《སྣར་》,ལས།,,,,,,
,1068,1057,1,《པེ་》《སྣར་》,pལས།,,,,,,
,1069,1058,1,《པེ་》《སྣར་》,རིགས།,,,,,,
,,1059,2,《པེ་》《སྣར་》,སློབ།,,,,,,
,,1060,3,《པེ་》《སྣར་》,mཔ།,,,,,,
,,1061,4,《པེ་》《སྣར་》,ཀྱི།,,,,,,
,,1062,5,《པེ་》《སྣར་》,mན།,,,,,,
,,1063,6,《པེ་》《སྣར་》,mཀྱི།,,,,,,
,1070,1064,1,《པེ་》《སྣར་》,pན།,,,,,,
,,1065,2,《པེ་》,རྣམ།,,,,,,
,,1066,3,《པེ་》《སྣར་》,པ།,,,,,,
,,1067,4,《པེ་》,པ།,,,,,,
,,1068,5,《པེ་》《སྣར་》,དོན།,,,,,,
,,1069,6,《སྣར་》,མ།,,,,,,
,,1070,7,《པེ་》《སྣར་》,pདབྱེ་བ་གསུམ་ནི་སྐུ་ལ་སོགས་པའི་དབྱེ་བའོ། །དེའི་རྡོ་རྗེའི་མཐར་ཐུག་པ་ནི་རྡོ་རྗེ་འཛིན་པ་གཅིག་པུའི་མཐར་ཕྱིན་པའོ། །བཀོད་པ་ནི་འཇུག་པ་ལ་སོགས་པའི་རང་གི་ངོ་བོར་ཡོངས་སུ་ཤེས་པ་སྟེ། དེ་ནི་རྡོ་རྗེ་གསུམ་ཞེས་བྱའོ། །ཞེས་ཤེས་པར་བྱའོ། །འདིའི་ཡུལ་བསྟན་པར་བྱ་བའི་ཕྱིར་སྐུ་གསུང་ཐུགས་ཀྱི་ཞེས་བྱ་བ་ལ་སོགས་པ་གསུངས་ཏེ། ,,,,,,
,,1071,8,《པེ་》《སྣར་》,ཀྱིས།,,,,,,
,1071,1072,1,《པེ་》《སྣར་》《ཅོ་》,སྔ་མ།,,,,,,
,,1073,2,《སྣར་》,བསྒོམ།,,,,,,
,,1074,3,《པེ་》《སྣར་》,pགྱུར་པར།,,,,,,
,,1075,4,《པེ་》《སྣར་》,mཔ།,,,,,,
,,1076,5,《པེ་》《སྣར་》,གྱི།,,,,,,
,,1077,6,《པེ་》《སྣར་》,pསྟེ།,,,,,,
,1072,1078,1,《པེ་》《སྣར་》,pདཔར།,,,,,,
,,1079,2,《པེ་》《སྣར་》,pརྣམས།,,,,,,
,,1080,3,《པེ་》《སྣར་》,pརྡོ་རྗེ་ནི།,,,,,,
,,1081,4,《པེ་》《སྣར་》,mན།,,,,,,
,1073,1082,1,《པེ་》《སྣར་》,ཁྲོའི།,,,,,,
,,1083,2,《པེ་》《སྣར་》《ཅོ་》,གྲགས།,,,,,,
,,1084,3,《པེ་》《སྣར་》,mཅན།,,,,,,
,1074,1085,1,《པེ་》《སྣར་》,བཞག,,,,,,
,,1086,2,《པེ་》《སྣར་》,དེ།,,,,,,
,,1087,3,《པེ་》《སྣར་》,mཏེ།,,,,,,
,,1088,4,《པེ་》,པའང།,,,,,,
,1075,1089,1,《པེ་》,པོ།,,,,,,
,,1090,2,《པེ་》《སྣར་》,pའུཾ།,,,,,,
,,1091,3,《པེ་》《སྣར་》,mགིས།,,,,,,
,,1092,4,《པེ་》《སྣར་》,བསླབས།,,,,,,
,,1093,5,《པེ་》《སྣར་》,mདེ།,,,,,,
,,1094,6,《སྣར་》,གྱུར་པ།,,,,,,
,,1095,7,《པེ་》《སྣར་》,སྐྱེས།,,,,,,
,,1096,8,《པེ་》《སྣར་》,གི།,,,,,,
,,1097,9,《པེ་》《སྣར་》,pནི།,,,,,,
,1076,1098,1,《པེ་》《སྣར་》,འདུལ།,,,,,,
,,1099,2,《པེ་》《སྣར་》,སྒྲུབ།,,,,,,
,,1100,3,《པེ་》《སྣར་》,དེའི།,,,,,,
,,1101,4,《པེ་》《སྣར་》,pགཉིས།,,,,,,
,,1102,5,《པེ་》《སྣར་》,pགྱིས།,,,,,,
,,1103,6,《པེ་》《སྣར་》,pདེས།,,,,,,
,1077,1104,1,《པེ་》《སྣར་》,ལོས་དོན་སྒྲུབ།,,,,,,
,,1105,2,《པེ་》《སྣར་》,pཟླ་བའི།,,,,,,
,,1106,3,《པེ་》《སྣར་》,བྱ་བ་སྟེ།,,,,,,
,,1107,4,《པེ་》《སྣར་》,སྭཱའོ།,,,,,,
,1078,1108,1,《པེ་》《སྣར་》,གྲིའི།,,,,,,
,,1109,2,《པེ་》《སྣར་》,རིམ།,,,,,,
,1079,1110,1,《པེ་》《སྣར་》,pཀྱིས།,,,,,,
,,1111,2,《པེ་》《སྣར་》,pཡེ་ཤེས་སེམས་དཔའི་རང་གི་གཟུགས་ཞེས་བྱ་བ་རང་བཞིན་གྱི་གཟུགས་བསམས་ནས།,,,,,,
,,1112,3,《པེ་》《སྣར་》,དང།,,,,,,
,,1113,4,《པེ་》《སྣར་》,ཞེས།,,,,,,
,,1114,5,《པེ་》《སྣར་》,པ།,,,,,,
,1080,1115,1,《པེ་》《སྣར་》,བསད།,,,,,,
,1081,1116,1,《པེ་》《སྣར་》,དཀར།,,,,,,
,,1117,2,《པེ་》《སྣར་》,པ་སྟེ།,,,,,,
,,1118,3,《པེ་》《སྣར་》,pལ།,,,,,,
,,1119,4,《པེ་》《སྣར་》,mལ།,,,,,,
,,1120,5,《པེ་》《སྣར་》,བསད།,,,,,,
,,1121,6,《པེ་》《སྣར་》,བསྒྲགས།,,,,,,
,1082,1122,1,《པེ་》《སྣར་》,དཔར།,,,,,,
,,1123,2,《པེ་》《སྣར་》,pལོ།,,,,,,
,,1124,3,《པེ་》《སྣར་》,mབྱའོ་ཞེས།,,,,,,
,1083,1125,1,《པེ་》《སྣར་》,pབཀའི།,,,,,,
,,1126,2,《པེ་》《སྣར་》,ཞིང།,,,,,,
,,1127,3,《པེ་》《སྣར་》,mགསུམ།,,,,,,
,1084,1128,1,《པེ་》《སྣར་》,པའོ།,,,,,,
,,1129,2,《པེ་》《སྣར་》,བྱའོ།,,,,,,
,,1130,3,《པེ་》《སྣར་》,གཞན།,,,,,,
,,1131,4,《པེ་》《སྣར་》,pབ།,,,,,,
,,1132,5,《པེ་》《སྣར་》,པར་བྱའོ།,,,,,,
,1085,1133,1,《པེ་》《སྣར་》,pབཅུ།,,,,,,
,,1134,2,《པེ་》《སྣར་》,གྱིས།,,,,,,
,,1135,3,《པེ་》《སྣར་》,pབདག,,,,,,
,,1136,4,《པེ་》《སྣར་》,གི།,,,,,,
,1086,1137,1,《པེ་》《སྣར་》,པར།,,,,,,
,,1138,2,《པེ་》,གིས།,,,,,,
,1087,1139,1,《པེ་》《སྣར་》,རྗེའི།,,,,,,
,,1140,2,《པེ་》《སྣར་》,pགཟུགས།,,,,,,
,,1141,3,《པེ་》《སྣར་》,གི།,,,,,,
,,1142,4,《པེ་》《སྣར་》,ཕྱོགས་སྐྱོང་བ།,,,,,,
,,1143,5,《པེ་》《སྣར་》,པ།,,,,,,
,,1144,6,《པེ་》《སྣར་》,གཅིག,,,,,,
,,1145,7,《པེ་》《སྣར་》,ད།,,,,,,
,1088,1146,1,《པེ་》《སྣར་》,བཅད།,,,,,,
,,1147,2,《པེ་》《སྣར་》,མཁའི།,,,,,,
,,1148,3,《སྣར་》,སྒྲུབ།,,,,,,
,,1149,4,《པེ་》《སྣར་》,pལ།,,,,,,
,1089,1150,1,《པེ་》《སྣར་》,རིམ།,,,,,,
,,1151,2,《པེ་》《སྣར་》,པའི།,,,,,,
,,1152,3,《སྣར་》,སྦྱར།,,,,,,
,,1153,4,《པེ་》《སྣར་》,པ།,,,,,,
,,1154,5,《པེ་》《སྣར་》,སྤྱི།,,,,,,
,,1155,6,《པེ་》《སྣར་》,ཐབས།,,,,,,
,,1156,7,《པེ་》《སྣར་》,བྱའོ།,,,,,,
,1090,1157,1,《པེ་》《སྣར་》,པོའི།,,,,,,
,,1158,2,《པེ་》《སྣར་》,བཞི་པའི།,,,,,,
,,1159,3,《པེ་》《སྣར་》,ལ།,,,,,,
,1091,1160,1,《པེ་》《སྣར་》,བར།,,,,,,
,,1161,2,《པེ་》《སྣར་》,བྱ་སྟེ།,,,,,,
,,1162,3,《པེ་》《སྣར་》,བསྲེག,,,,,,
,,1163,4,《པེ་》《སྣར་》,བསྲེག,,,,,,
,1092,1164,1,《པེ་》《སྣར་》,མཚོན།,,,,,,
,,1165,2,《པེ་》《སྣར་》,དགེངས།,,,,,,
,,1166,3,《པེ་》《སྣར་》,pདེའི།,,,,,,
,,1167,4,《པེ་》《སྣར་》,འགྱུར།,,,,,,
,,1168,5,《པེ་》《སྣར་》,བསམས།,,,,,,
,,1169,6,《པེ་》《སྣར་》,ཏེ།,,,,,,
,1093,1170,1,《པེ་》《སྣར་》,pཔ།,,,,,,
,1094,1171,1,《པེ་》《སྣར་》,ཇི།,,,,,,
,,1172,2,《པེ་》《སྣར་》,བཞག,,,,,,
,1095,1173,1,《པེ་》《སྣར་》,གྱིས།,,,,,,
,,1174,2,《པེ་》《སྣར་》,བཞག,,,,,,
,,1175,3,《པེ་》《སྣར་》,བལྟས།,,,,,,
,,1176,4,《པེ་》《སྣར་》,མ་མཱ།,,,,,,
,,1177,5,《པེ་》《སྣར་》,པོའོ།།,,,,,,
,1096,1178,1,《པེ་》《སྣར་》,pདེ།,,,,,,
,,1179,2,《པེ་》《སྣར་》,ཏོ།།,,,,,,
,,1180,3,《པེ་》《སྣར་》,mཏུ།,,,,,,
,1097,1181,1,《པེ་》《སྣར་》,དེ།,,,,,,
,,1182,2,《པེ་》《སྣར་》,དགང།,,,,,,
,,1183,3,《པེ་》《སྣར་》,པ།,,,,,,
,,1184,4,《པེ་》《སྣར་》,པོར།,,,,,,
,,1185,5,《པེ་》《སྣར་》,པར།,,,,,,
,,1186,6,《པེ་》《སྣར་》,ནི།,,,,,,
,,1187,7,《པེ་》《སྣར་》,དེར།,,,,,,
,,1188,8,《སྣར་》,ལུས།,,,,,,
,,1189,9,《པེ་》《སྣར་》,བ།,,,,,,
,,1190,10,《པེ་》《སྣར་》,བཞག,,,,,,
,1098,1191,1,《པེ་》《སྣར་》,mནས།,,,,,,
,,1192,2,《པེ་》《སྣར་》,ཐེག,,,,,,
,,1193,3,《པེ་》《སྣར་》,རྗེའི།,,,,,,
,,1194,4,《པེ་》《སྣར་》,mཕྱག་དང།,,,,,,
,1099,1195,1,《པེ་》《སྣར་》,བ།,,,,,,
,,1196,2,《པེ་》《སྣར་》,ནི།,,,,,,
,,1197,3,《པེ་》《སྣར་》,པའི།,,,,,,
,,1198,4,《པེ་》《སྣར་》,ནས།,,,,,,
,,1199,5,《པེ་》《སྣར་》,mབ།,,,,,,
,,1200,6,《པེ་》《སྣར་》,pཀྱི་ཕྱག་རྒྱ་ཡིན་པས། རྣམ་པར་སྣང་མཛད།,,,,,,
,1100,1201,1,《པེ་》《སྣར་》,ཏེ།,,,,,,
,,1202,2,《པེ་》《སྣར་》,པའི།,,,,,,
,,1203,3,《པེ་》《སྣར་》,རྣམས་ཏེ།,,,,,,
,1101,1204,1,《པེ་》《སྣར་》,བལྟོས།,,,,,,
,,1205,2,《པེ་》《སྣར་》,ལྟ།,,,,,,
,,1206,3,《པེ་》《སྣར་》,བ་ནས།,,,,,,
,,1207,4,《པེ་》《སྣར་》,ནི།,,,,,,
,,1208,5,《པེ་》《སྣར་》,བདུད།,,,,,,
,1102,1209,1,《པེ་》《སྣར་》,ཐོབ།,,,,,,
,,1210,2,《པེ་》《སྣར་》,པའི།,,,,,,
,,1211,3,《ཅོ་》,བྱ་བ།,,,,,,
,1103,1212,1,《པེ་》《སྣར་》,mགྱི,,,,,,
,,1213,2,《པེ་》《སྣར་》,འདྲའོ།,,,,,,
,,1214,3,《པེ་》《སྣར་》,mགི།,,,,,,
,,1215,4,《པེ་》《སྣར་》,mབ།,,,,,,
,,1216,5,《པེ་》《སྣར་》,སྐྱེད།,,,,,,
,,1217,6,《པེ་》《སྣར་》,mནི།,,,,,,
,1104,1218,1,《པེ་》《སྣར་》,པ།,,,,,,
,,1219,2,《པེ་》《སྣར་》,ནི་དེས་མཚོན་པའི།,,,,,,
,,1220,3,《པེ་》《སྣར་》,པོ།,,,,,,
,1105,1221,1,《ཅོ་》,mདེ་ལ།,,,,,,
,,1222,2,《པེ་》《སྣར་》,pཡང།,,,,,,
,,1223,3,《པེ་》《སྣར་》,དབྱུག,,,,,,
,,1224,4,《པེ་》《སྣར་》,དབྱུག,,,,,,
,,1225,5,《པེ་》《སྣར་》,དབྱུག,,,,,,
,,1226,6,《པེ་》《སྣར་》,དབྱུག,,,,,,
,1106,1227,1,《པེ་》《སྣར་》,དབྱུག,,,,,,
,,1228,2,《པེ་》《སྣར་》,mགོ།,,,,,,
,,1229,3,《པེ་》《སྣར་》,རིགས།,,,,,,
,,1230,4,《པེ་》《སྣར་》,བ།,,,,,,
,,1231,5,《པེ་》《སྣར་》,pགཙུག་ཏོར་གྱི་དམ་ཚིག་སྟེ།,,,,,,
,1107,1232,1,《པེ་》《སྣར་》,pལ།,,,,,,
,,1233,2,《པེ་》《སྣར་》,mདུ།,,,,,,
,,1234,3,《པེ་》《སྣར་》,བསྟེན།,,,,,,
,,1235,4,《པེ་》《སྣར་》,གྱིས།,,,,,,
,,1236,5,《པེ་》《སྣར་》,ཆ།,,,,,,
,,1237,6,《པེ་》《སྣར་》,སྒོམ།,,,,,,
,1108,1238,1,《པེ་》《སྣར་》,རིམ།,,,,,,
,1109,1239,1,《པེ་》《སྣར་》,བརླབ།,,,,,,
,,1240,2,《པེ་》《སྣར་》,རིམ།,,,,,,
,1110,1241,1,《པེ་》《སྣར་》,ཧཱ།,,,,,,
,,1242,2,《པེ་》《སྣར་》,དོན།,,,,,,
,,1243,3,《པེ་》《སྣར་》,པའོ།།,,,,,,
,1111,1244,1,《པེ་》《སྣར་》,པོ།,,,,,,
,,1245,2,《པེ་》《སྣར་》,སྐུལ།,,,,,,
,,1246,3,《པེ་》《སྣར་》,བྱའོ།,,,,,,
,1112,1247,1,《པེ་》,གྷ།,,,,,,
,,1248,2,《པེ་》《སྣར་》,གྷཱ།,,,,,,
,,1249,3,《པེ་》《སྣར་》,རློག,,,,,,
,,1250,4,《པེ་》,mརཀྵ།,,,,,,
,,1251,5,《པེ་》《སྣར་》,གྱིས།,,,,,,
,,1252,6,《པེ་》《སྣར་》,གདངས།,,,,,,
,1113,1253,1,《པེ་》《སྣར་》,གཟུངས།,,,,,,
,,1254,2,《པེ་》《སྣར་》,pམོ།,,,,,,
,1114,1255,1,《པེ་》《སྣར་》,བྱུང།,,,,,,
,,1256,2,《པེ་》《སྣར་》,དོན་ཡོད།,,,,,,
,,1257,3,《པེ་》《སྣར་》,ཏུ།,,,,,,
,,1258,4,《པེ་》《སྣར་》,ཏེ།,,,,,,
,,1259,5,《པེ་》《སྣར་》,pཔར།,,,,,,
,1115,1260,1,《པེ་》《སྣར་》,mཆེན་པོའི།,,,,,,
,,1261,2,《པེ་》《སྣར་》,mལས།,,,,,,
,,1262,3,《སྣར་》,བཛྲཱ།,,,,,,
,,1263,4,《པེ་》《སྣར་》,དུཥྚ།,,,,,,
,,1264,5,《པེ་》《སྣར་》,mཅན།,,,,,,
,,1265,6,,སྟ།,,,,,,
,1116,1266,1,《པེ་》《སྣར་》,ཧཱ།,,,,,,
,,1267,2,《པེ་》《སྣར་》,བིགྷྷྣཾ་གྷཱ།,,,,,,
,,1268,3,《པེ་》,བྷུ།,,,,,,
,,1269,4,《པེ་》《སྣར་》,ས།,,,,,,
,,1270,5,《པེ་》《སྣར་》,ཎི།,,,,,,
,,1271,6,《པེ་》《སྣར་》,ཚིནྡ་ཚིནྡ་སརྦ་མཾ་ཏྲཱཾ།,,,,,,
,,1272,7,《པེ་》《སྣར་》,ཅིག་ཁུག་ཅིག,,,,,,
,,1273,8,《པེ་》《སྣར་》,ཆོམས་ཤིག་ཆོམས།,,,,,,
,,1274,9,《པེ་》《སྣར་》,དུཥྚཱཾ།,,,,,,
,,1275,10,《པེ་》《སྣར་》,མ་དྷྱེ།,,,,,,
,,1276,11,《པེ་》《སྣར་》,རྦོད།,,,,,,
,,1277,12,《པེ་》《སྣར་》,pནི།,,,,,,
,,1278,13,《པེ་》《སྣར་》,pདེའི།,,,,,,
,1117,1279,1,《པེ་》《སྣར་》,དྲོན།,,,,,,
,,1280,2,《པེ་》《སྣར་》,བྱའོ།,,,,,,
,,1281,3,《པེ་》《སྣར་》,དག,,,,,,
,,1282,4,《པེ་》《སྣར་》,བགྷྣཾ།,,,,,,
,,1283,5,《པེ་》《སྣར་》,ཨ།,,,,,,
,,1284,6,《པེ་》《སྣར་》,ཞེས།,,,,,,
,,1285,7,《པེ་》《སྣར་》,མ།,,,,,,
,,1286,8,《པེ་》《སྣར་》,ཨསྲིཾན།,,,,,,
,,1287,9,《པེ་》《སྣར་》,mགྱིས།,,,,,,
,1118,1288,1,《པེ་》《སྣར་》,ཆགས་པ།,,,,,,
,,1289,2,《པེ་》《སྣར་》,པས།,,,,,,
,,1290,3,《པེ་》《སྣར་》,ཞེ་ན།,,,,,,
,,1291,4,《པེ་》《སྣར་》,པོའོ།།,,,,,,
,,1292,5,《པེ་》《སྣར་》,ཁུགས།,,,,,,
,1119,1293,1,《པེ་》《སྣར་》,མར་གད།,,,,,,
,,1294,2,《པེ་》,མ།,,,,,,
,,1295,3,《པེ་》《སྣར་》,དཾཥྚྲོཊྐ།,,,,,,
,,1296,4,《པེ་》《སྣར་》,མྲི།,,,,,,
,,1297,5,《པེ་》《སྣར་》,pཔ་བོད།,,,,,,
,,1298,6,《པེ་》《སྣར་》,ཞིག,,,,,,
,,1299,7,《པེ་》《སྣར་》,བིགྷྣཾ།,,,,,,
,1120,1300,1,《པེ་》《སྣར་》,བགྷྣཾ,,,,,,
,,1301,2,《པེ་》《སྣར་》,དཾཁྚྲོཊྐ་ཊ་བྷེ།,,,,,,
,,1302,3,《པེ་》《སྣར་》,ཛི་བི་ཏི་ཨནྟྲ།,,,,,,
,,1303,4,《པེ་》《སྣར་》,ཧཱའི།,,,,,,
,,1304,5,《པེ་》《སྣར་》,ཊ།,,,,,,
,,1305,6,《པེ་》《སྣར་》,དཀའ།,,,,,,
,,1306,7,《པེ་》《སྣར་》,དྷ་དྷུ།,,,,,,
,,1307,8,《པེ་》《སྣར་》,ནས།,,,,,,
,1121,1308,1,《པེ་》《སྣར་》,mསྔར།,,,,,,
,,1309,2,《པེ་》《སྣར་》,རཱཀྵ།,,,,,,
,,1310,3,《པེ་》《སྣར་》,mནི།,,,,,,
,,1311,4,《པེ་》《སྣར་》,འཁྲུགས།,,,,,,
,,1312,5,《པེ་》《སྣར་》,བཏོང།,,,,,,
,,1313,6,《པེ་》《སྣར་》,mཅེ།,,,,,,
,1122,1314,1,《སྣར་》,བྱ་བ།,,,,,,
,1123,1315,1,《པེ་》《སྣར་》,འཕྲག,,,,,,
,,1316,2,《པེ་》《སྣར་》,ཞབས་བརྡབས།,,,,,,
,,1317,3,《པེ་》《སྣར་》,ཤྭཱ།,,,,,,
,,1318,4,《པེ་》《སྣར་》,ཤྭཱ།,,,,,,
,,1319,5,《པེ་》《སྣར་》,པ།,,,,,,
,,1320,6,《པེ་》《སྣར་》,པ།,,,,,,
,,1321,7,《པེ་》《སྣར་》,གཾ།,,,,,,
,,1322,8,《པེ་》《སྣར་》,mནི།,,,,,,
,,1323,9,《པེ་》《སྣར་》,གིས།,,,,,,
,,1324,10,《པེ་》《སྣར་》,བསད།,,,,,,
,,1325,11,《པེ་》《སྣར་》,རྦོད།,,,,,,
,,1326,12,《པེ་》《སྣར་》,ཞིག,,,,,,
,,1327,13,《པེ་》《སྣར་》,ཅིག།,,,,,,
,,1328,14,《པེ་》《སྣར་》,པ།,,,,,,
,1124,1329,1,《པེ་》《སྣར་》,སརྦཾ།,,,,,,
,,1330,2,《པེ་》《སྣར་》,གཏོགས།,,,,,,
,,1331,3,《པེ་》《སྣར་》,སྦེད།,,,,,,
,,1332,4,《པེ་》《སྣར་》,གྲཱི།,,,,,,
,,1333,5,《པེ་》《སྣར་》,ནོ།,,,,,,
,,1334,6,《པེ་》《སྣར་》,དཾཥྚཱ།,,,,,,
,,1335,7,《པེ་》《སྣར་》,པའོ།,,,,,,
,,1336,8,《པེ་》《སྣར་》,འཇིགས།,,,,,,
,,1337,9,《པེ་》《སྣར་》,སྡིགས།,,,,,,
,,1338,10,《པེ་》《སྣར་》,སྡིགས་པའོ།,,,,,,
,,1339,11,《པེ་》《སྣར་》,རྗེ།,,,,,,
,1125,1340,1,《པེ་》《སྣར་》,པར།,,,,,,
,,1341,2,《པེ་》《སྣར་》,mབ།,,,,,,
,,1342,3,《པེ་》《སྣར་》,mལ།,,,,,,
,,1343,4,《པེ་》《སྣར་》,mལ།,,,,,,
,1126,1344,1,《པེ་》《སྣར་》,རྡོ་རྗེ་དབྱུག,,,,,,
,,1345,2,《པེ་》《སྣར་》,ན་ཏེ།,,,,,,
,,1346,3,《པེ་》《སྣར་》,བསད།,,,,,,
,,1347,4,《པེ་》《སྣར་》,ཅིག,,,,,,
,,1348,5,《པེ་》《སྣར་》,བན།,,,,,,
,,1349,6,《པེ་》《སྣར་》,ན།,,,,,,
,,1350,7,《པེ་》《སྣར་》,བྷུ་རནྴཱིགྷྲཾ།,,,,,,
,,1351,8,《པེ་》《སྣར་》,སྲེགས།,,,,,,
,,1352,9,《པེ་》《སྣར་》,རློག,,,,,,
,1127,1353,1,《པེ་》《སྣར་》,ཨ།,,,,,,
,,1354,2,《པེ་》《སྣར་》,བའིའོ། །མེ་དམད།,,,,,,
,,1355,3,《པེ་》《སྣར་》,བན།,,,,,,
,,1356,4,《པེ་》《སྣར་》,mབ།,,,,,,
,,1357,5,《པེ་》《སྣར་》,བིགྷྣཾ།,,,,,,
,,1358,6,《པེ་》《སྣར་》,རྩི།,,,,,,
,,1359,7,《པེ་》《སྣར་》,དེ།,,,,,,
,,1360,8,《པེ་》《སྣར་》,མཉེས།,,,,,,
,,1361,9,《པེ་》《སྣར་》,བྱའོ།,,,,,,
,,1362,10,《པེ་》《སྣར་》,ལཱ།,,,,,,
,,1363,11,《པེ་》《སྣར་》,དབྱུག,,,,,,
,,1364,12,《པེ་》《སྣར་》,བིགྷྣཾ་བི་ན།,,,,,,
,,1365,13,《པེ་》《སྣར་》,ཅིག་རློག་ཅིག,,,,,,
,,1366,14,《པེ་》《སྣར་》,ཙཎྜ།,,,,,,
,,1367,15,《པེ་》《སྣར་》,ཧྲི།,,,,,,
,1128,1368,1,《པེ་》《སྣར་》,ཥའ་ར་མཱ་ཎི།,,,,,,
,,1369,2,《པེ་》《སྣར་》,སྐུལ།,,,,,,
,,1370,3,《པེ་》《སྣར་》,ཀྲི།,,,,,,
,,1371,4,《པེ་》《སྣར་》,རི།,,,,,,
,,1372,5,《པེ་》《སྣར་》,ན།,,,,,,
,,1373,6,《པེ་》《སྣར་》,དབྱུག,,,,,,
,,1374,7,《པེ་》《སྣར་》,ཡིན།,,,,,,
,,1375,8,《པེ་》《སྣར་》,ཚ།,,,,,,
,,1376,9,《པེ་》《སྣར་》,དྷ་དྷུ།,,,,,,
,,1377,10,《པེ་》《སྣར་》,ལ། ཆུ་བོའི་ངོགས།,,,,,,
,,1378,11,《པེ་》《སྣར་》,pཕྱེད་དམ་ནམ།,,,,,,
,1129,1379,1,《པེ་》《སྣར་》,མ།,,,,,,
,,1380,2,《པེ་》《སྣར་》,ལ།,,,,,,
,,1381,3,《པེ་》《སྣར་》,pཀུན་ནས།,,,,,,
,,1382,4,《པེ་》《སྣར་》,བསྐྱེད།,,,,,,
,,1383,5,《པེ་》《སྣར་》,ནཱིརྣཱ།,,,,,,
,,1384,6,《པེ་》《སྣར་》,mལ།,,,,,,
,,1385,7,《པེ་》《སྣར་》,བཱརྵ་དྷཱ་རཾ།,,,,,,
,,1386,8,《པེ་》《སྣར་》,mཔས།,,,,,,
,,1387,9,《པེ་》《སྣར་》,mལ།,,,,,,
,1130,1388,1,《པེ་》《སྣར་》,pན།,,,,,,
,,1389,2,《པེ་》《སྣར་》,རྗེ།,,,,,,
,1132,1390,1,《པེ་》《སྣར་》,མཏྟེ།,,,,,,
,,1391,2,《པེ་》《སྣར་》,ཨེ་བ།,,,,,,
,,1392,3,《པེ་》《སྣར་》,ཅིག,,,,,,
,,1393,4,《པེ་》《སྣར་》,ཞེས།,,,,,,
,,1394,5,《པེ་》《སྣར་》,ཨཱ།,,,,,,
,,1395,6,《པེ་》《སྣར་》,ཧ་མན་ཏྲཱ།,,,,,,
,,1396,7,《པེ་》《སྣར་》,སྐྱོད་ཅིག་སྐྱོད་ཅིག་པའོ། །ཏི་ཎི་ཏི་ཎི།,,,,,,
,,1397,8,《པེ་》《སྣར་》,ཎི།,,,,,,
,,1398,9,《པེ་》《སྣར་》,ཞིག,,,,,,
,,1399,10,《པེ་》《སྣར་》,དུཥྚཾ།,,,,,,
,,1400,11,《སྣར་》,ཅེས་ལམ།,,,,,,
,1133,1401,1,《པེ་》《སྣར་》,pལོ།,,,,,,
,,1402,2,《པེ་》《སྣར་》,མི།,,,,,,
,,1403,3,《པེ་》《སྣར་》,ཧཾ།,,,,,,
,1134,1404,1,《པེ་》《སྣར་》,གང།,,,,,,
,,1405,2,《པེ་》,ཞིག་པའོ།;《སྣར་》,ཞིག་པའི།,,,,,
,,1406,3,《པེ་》《སྣར་》,ཅིག,,,,,,
,,1407,4,《པེ་》《སྣར་》,ཅིག,,,,,,
,,1408,5,《པེ་》《སྣར་》,ཕུག,,,,,,
,,1409,6,《པེ་》《སྣར་》,སྐུལ།,,,,,,
,,1410,7,《པེ་》《སྣར་》,པོའི།,,,,,,
,1135,1411,1,《པེ་》《སྣར་》,པ།,,,,,,
,,1412,2,《པེ་》《སྣར་》,དེ།,,,,,,
,,1413,3,《པེ་》《སྣར་》,རིམ།,,,,,,
,,1414,4,《པེ་》《སྣར་》,pཀྱིས།,,,,,,
,1136,1415,1,《པེ་》《སྣར་》,pརྡོ་རྗེ།,,,,,,
,,1416,2,《པེ་》《སྣར་》,pསྟེ།,,,,,,
,,1417,3,《པེ་》《སྣར་》,བསྒྲུབས།,,,,,,
,,1418,4,《པེ་》《སྣར་》,འགུགས།,,,,,,
,,1419,5,《པེ་》《སྣར་》,ངེས་པར།,,,,,,
,,1420,6,《པེ་》《སྣར་》,pརྣལ་འབྱོར་པས་རྣམ་པར་སྣང་མཛད་ཀྱི།,,,,,,
,,1421,7,《པེ་》《སྣར་》,པོ།,,,,,,
,,1422,8,《པེ་》《སྣར་》,བ་ཡིས།,,,,,,
,1137,1423,1,《པེ་》《སྣར་》,ཀྱིས།,,,,,,
,,1424,2,《པེ་》《སྣར་》,ཤུ།,,,,,,
,,1425,3,《པེ་》《སྣར་》,pཔ།,,,,,,
,,1426,4,《པེ་》《སྣར་》,སྐལ་བའི།,,,,,,
,1138,1427,1,《པེ་》《སྣར་》,ཀྱི།,,,,,,
,,1428,2,《པེ་》《སྣར་》,རྒྱལ།,,,,,,
,,1429,3,《པེ་》《སྣར་》,བསྐྱེད།,,,,,,
,1139,1430,1,《པེ་》《སྣར་》,pདོན།,,,,,,
,,1431,2,《པེ་》《སྣར་》,mཔ།,,,,,,
,,1432,3,《པེ་》《སྣར་》,mདེ།,,,,,,
,,1433,4,《པེ་》《སྣར་》,གིས།,,,,,,
,1140,1434,1,《པེ་》《སྣར་》,ཡི།,,,,,,
,,1435,2,《པེ་》《སྣར་》,ནིའོ།,,,,,,
,,1436,3,《པེ་》《སྣར་》,བྷི།,,,,,,
,,1437,4,《པེ་》《སྣར་》,ཏ་ཊཱི།,,,,,,
,,1438,5,《པེ་》《སྣར་》,ཏེ།,,,,,,
,,1439,6,《པེ་》《སྣར་》,ཏེ་ཛ་ཏི།,,,,,,
,,1440,7,《པེ་》《སྣར་》,པ།,,,,,,
,,1441,8,《པེ་》《སྣར་》,བསྐྱེད།,,,,,,
,,1442,9,《པེ་》《སྣར་》,བསྒོམས།,,,,,,
,,1443,10,《པེ་》《སྣར་》,pཔ།,,,,,,
,,1444,11,《པེ་》《སྣར་》,རིག,,,,,,
,1141,1445,1,《པེ་》《སྣར་》,pལ།,,,,,,
,,1446,2,《པེ་》《སྣར་》,གྲུབ།,,,,,,
,1142,1447,1,《པེ་》《སྣར་》,mལ།,,,,,,
,,1448,2,《པེ་》《སྣར་》,བསད།,,,,,,
,,1449,3,《པེ་》《སྣར་》,ཆོ་ག,,,,,,
,,1450,4,《པེ་》《སྣར་》,གསང་ཞིང།,,,,,,
,1143,1451,1,《པེ་》,བརྩམས་པར།;《སྣར་》,བརྩམས་པ།,,,,,
,,1452,2,《པེ་》《སྣར་》,བརྩམས་ན།,,,,,,
,,1453,3,《པེ་》《སྣར་》,འཇིག,,,,,,
,,1454,4,《པེ་》《སྣར་》,pབར།,,,,,,
,,1455,5,《པེ་》《སྣར་》,བྱད།,,,,,,
,,1456,6,《པེ་》《སྣར་》,pགྱི།,,,,,,
,,1457,7,《པེ་》《སྣར་》,ཀྱིས།,,,,,,
,1144,1458,1,《པེ་》《སྣར་》,ཁོང།,,,,,,
,,1459,2,《པེ་》《སྣར་》,ཅན།,,,,,,
,,1460,3,《པེ་》《སྣར་》,བལྟོས།,,,,,,
,,1461,4,《པེ་》《སྣར་》,པས།,,,,,,
,,1462,5,《པེ་》《སྣར་》,ཀྱི།,,,,,,
,1145,1463,1,《པེ་》《སྣར་》,གསད།,,,,,,
,,1464,2,《པེ་》《སྣར་》,པར།,,,,,,
,,1465,3,《པེ་》《སྣར་》,བྱའོ།,,,,,,
,,1466,4,《པེ་》《སྣར་》,mགསུམ།,,,,,,
,,1467,5,《པེ་》《སྣར་》,pསྟེ།,,,,,,
,,1468,6,《པེ་》《སྣར་》,ཀྱི།,,,,,,
,,1469,7,《པེ་》《སྣར་》,mབྱེད།,,,,,,
,,1470,8,《པེ་》《སྣར་》,གྷཱ།,,,,,,
,,1471,9,《པེ་》《སྣར་》,ཆོམ།,,,,,,
,,1472,10,《པེ་》《སྣར་》,སྐུལ།,,,,,,
,,1473,11,《པེ་》《སྣར་》,ཀ,,,,,,
,1146,1474,1,《པེ་》《སྣར་》,ཅེས།,,,,,,
,,1475,2,《པེ་》《སྣར་》,སྐུལ།,,,,,,
,,1476,3,《པེ་》《སྣར་》,རོ།,,,,,,
,,1477,4,《པེ་》《སྣར་》,པའི།,,,,,,
,,1478,5,《སྣར་》,འབྱུང།,,,,,,
,,1479,6,《པེ་》《སྣར་》,བཞག,,,,,,
,1147,1480,1,《པེ་》《སྣར་》,ཐར།,,,,,,
,,1481,2,《པེ་》《སྣར་》,བསོད།,,,,,,
,,1482,3,,pམ།,,,,,,
,,1483,4,《པེ་》《སྣར་》,རྗེ།,,,,,,
,,1484,5,《པེ་》《སྣར་》,བས།,,,,,,
,1148,1485,1,《སྣར་》,པོ།,,,,,,
,,1486,2,《པེ་》《སྣར་》,སྟེ།,,,,,,
,,1487,3,《པེ་》《སྣར་》,གྱིས།,,,,,,
,,1488,4,《པེ་》《སྣར་》,ཀྱི།,,,,,,
,,1489,5,《པེ་》《སྣར་》,mདེའི།,,,,,,
,,1490,6,《པེ་》《སྣར་》,བསྲེགས།,,,,,,
,,1491,7,《པེ་》《སྣར་》,པ།,,,,,,
,,1492,8,《པེ་》《སྣར་》,བཞག,,,,,,
,,1493,9,《པེ་》《སྣར་》,pདེ་དང་།,,,,,,
,,1494,10,《པེ་》,གཞི།;,བཞི།,,,,,
,1149,1495,1,《པེ་》《སྣར་》,pགསུམ་གྱི།,,,,,,
,,1496,2,《པེ་》《སྣར་》,pངག་འགུགས་པའི།,,,,,,
,,1497,3,《པེ་》《སྣར་》,mངག་དགུག་པའི།,,,,,,
,1150,1498,1,《པེ་》《སྣར་》,བཞག,,,,,,
,,1499,2,《པེ་》《སྣར་》,དེ་ངེས་པར་བཞག,,,,,,
,,1500,3,《པེ་》《སྣར་》,mདེ།,,,,,,
,,1501,4,《པེ་》《སྣར་》,པའི།,,,,,,
,,1502,5,《ཅོ་》,པོ།,,,,,,
,,1503,6,《པེ་》《སྣར་》,བྱའོ།,,,,,,
,1151,1504,1,《པེ་》《སྣར་》,pབྱ་བའི།,,,,,,
,,1505,2,《པེ་》《སྣར་》,mཅེས།,,,,,,
,,1506,3,《པེ་》《སྣར་》,བྱ་བ།,,,,,,
,,1507,4,《པེ་》《སྣར་》,pཔ་ཐེག་པ།,,,,,,
,,1508,5,《པེ་》《སྣར་》,པས།,,,,,,
,,1509,6,《པེ་》《སྣར་》,གིས།,,,,,,
,,1510,7,《པེ་》《སྣར་》,མ་ཧོ།,,,,,,
,1152,1511,1,《པེ་》《སྣར་》,གྲངས།,,,,,,
,,1512,2,《པེ་》《སྣར་》,འཚམས།,,,,,,
,,1513,3,《པེ་》《སྣར་》,བཏབ།,,,,,,
,,1514,4,《པེ་》《སྣར་》,mཔ།,,,,,,
,,1515,5,《པེ་》《སྣར་》,པ།,,,,,,
,,1516,6,《པེ་》《སྣར་》,mནི།,,,,,,
,,1517,7,《པེ་》《སྣར་》,ཀྱིས་ཏེ།,,,,,,
,1153,1518,1,《པེ་》《སྣར་》,སྒྲུབ།,,,,,,
,,1519,2,《པེ་》《སྣར་》,འགྱུར།,,,,,,
,,1520,3,《པེ་》《སྣར་》,mམ།,,,,,,
,,1521,4,《པེ་》《སྣར་》,mཉིད།,,,,,,
,,1522,5,《པེ་》《སྣར་》,mབ།,,,,,,
,,1523,6,《པེ་》《སྣར་》,ཀྱི།,,,,,,
,1154,1524,1,《པེ་》《སྣར་》,mཔར།,,,,,,
,,1525,2,《པེ་》《སྣར་》,pདེ།,,,,,,
,,1526,3,《པེ་》《སྣར་》,བཟུང།,,,,,,
,,1527,4,《པེ་》《སྣར་》,mབ།,,,,,,
,,1528,5,《པེ་》《སྣར་》,པ།,,,,,,
,,1529,6,《པེ་》《སྣར་》,སྐྱོད།,,,,,,
,,1530,7,《པེ་》《སྣར་》,ཀྱིས།,,,,,,
,1155,1531,1,《པེ་》《སྣར་》,pནི།,,,,,,
,,1532,2,《པེ་》《སྣར་》,mནི།,,,,,,
,,1533,3,《པེ་》《སྣར་》,བསྒོམ།,,,,,,
,,1534,4,《པེ་》《སྣར་》,ལྟར།,,,,,,
,,1535,5,《པེ་》《སྣར་》,སྐྱོད།,,,,,,
,,1536,6,《པེ་》《སྣར་》,བཞག,,,,,,
,,1537,7,《པེ་》《སྣར་》,བ་འདི།,,,,,,
,,1538,8,《པེ་》《སྣར་》,རས་མཛེས་ལ།,,,,,,
,1156,1539,1,《པེ་》《སྣར་》,pབ།,,,,,,
,,1540,2,《པེ་》《སྣར་》,pཀྱི།,,,,,,
,,1541,3,《པེ་》《སྣར་》,མ་ཐག་ཉིད་དུའོ།,,,,,,
,,1542,4,《པེ་》《སྣར་》,བསྒྲུབ།,,,,,,
,,1543,5,《པེ་》《སྣར་》,བསྒོམས།,,,,,,
,,1544,6,《པེ་》《སྣར་》,བལྟ།,,,,,,
,1157,1545,1,《པེ་》《སྣར་》,mལ།,,,,,,
,,1546,2,《པེ་》《སྣར་》,ལོ།,,,,,,
,,1547,3,《པེ་》《སྣར་》,བསྒྲུབ།,,,,,,
,,1548,4,《པེ་》《སྣར་》,གྱིས།,,,,,,
,,1549,5,《པེ་》《སྣར་》,ཕྱི་མའི།,,,,,,
,1158,1550,1,《པེ་》《སྣར་》,ཀྱིས།,,,,,,
,,1551,2,《པེ་》《སྣར་》,རོ། །སྐྱ་རེང།,,,,,,
,,1552,3,《པེ་》《སྣར་》,གིས་ཏེ།,,,,,,
,,1553,4,《པེ་》《སྣར་》,pཔ།,,,,,,
,1159,1554,1,《པེ་》《སྣར་》,སྐྱེད།,,,,,,
,,1555,2,《པེ་》《སྣར་》,འདར།,,,,,,
,,1556,3,《པེ་》《སྣར་》,གྱི།,,,,,,
,,1557,4,《པེ་》《སྣར་》,ཁོ་ན་ཉིད་དེ་མི་བསླུ།,,,,,,
,,1558,5,《པེ་》《སྣར་》,འཐོབ།,,,,,,
,,1559,6,《པེ་》《སྣར་》,mལ།,,,,,,
,1160,1560,1,《པེ་》《སྣར་》,སྒྲུབ།,,,,,,
,,1561,2,《པེ་》《སྣར་》,བ།,,,,,,
,,1562,3,《པེ་》《སྣར་》,བའོ།,,,,,,
,,1563,4,《པེ་》《སྣར་》,པོར།,,,,,,
,,1564,5,《པེ་》《སྣར་》,ཀྲི་ཏ་ཨཱ།,,,,,,
,,1565,6,《པེ་》《སྣར་》,ཏྲུ་ན།,,,,,,
,,1566,7,《པེ་》《སྣར་》,སོན་འཆའ།,,,,,,
,1161,1567,1,《པེ་》《སྣར་》,གནོད།,,,,,,
,,1568,2,《པེ་》《སྣར་》,སྐྱོད།,,,,,,
,,1569,3,《པེ་》《སྣར་》,pཔར།,,,,,,
,,1570,4,《པེ་》《སྣར་》,སྐྱོད།,,,,,,
,,1571,5,《པེ་》《སྣར་》,pནི།,,,,,,
,,1572,6,《པེ་》《སྣར་》,པོ།,,,,,,
,,1573,7,《པེ་》《སྣར་》,mལས།,,,,,,
,1162,1574,1,《པེ་》《སྣར་》,བསད།,,,,,,
,,1575,2,《པེ་》《སྣར་》,མ།,,,,,,
,,1576,3,《པེ་》《སྣར་》,ཀྱི།,,,,,,
,,1577,4,《པེ་》《སྣར་》《ཅོ་》,དང།,,,,,,
,,1578,5,《པེ་》《སྣར་》,ཥྚཱིཿ,,,,,,
,,1579,6,《པེ་》《སྣར་》,ཧྲི།,,,,,,
,,1580,7,《པེ་》《སྣར་》,ཏྲ།,,,,,,
,,1581,8,《པེ་》《སྣར་》,གྱིས།,,,,,,
,1163,1582,1,《པེ་》《སྣར་》,སྦྱོར།,,,,,,
,,1583,2,《པེ་》《སྣར་》,པོའི།,,,,,,
,,1584,3,《པེ་》《སྣར་》,ནས།,,,,,,
,,1585,4,《པེ་》《སྣར་》,mསུ།,,,,,,
,1164,1586,1,《པེ་》《སྣར་》,གྱིས།,,,,,,
,,1587,2,《པེ་》《སྣར་》,བསམ།,,,,,,
,,1588,3,《པེ་》《སྣར་》,བཅད།,,,,,,
,1165,1589,1,《པེ་》《སྣར་》,བསྒོམས།,,,,,,
,,1590,2,《པེ་》《སྣར་》,mགྱིས།,,,,,,
,,1591,3,《པེ་》《སྣར་》,mཔ།,,,,,,
,,1592,4,《པེ་》《སྣར་》,ནི།,,,,,,
,1166,1593,1,《པེ་》《སྣར་》,ལྷའི།,,,,,,
,,1594,2,《པེ་》,པོ།,,,,,,
,,1595,3,《པེ་》《སྣར་》,བཞག,,,,,,
,,1596,4,《པེ་》《སྣར་》,ལྔ་པོའི།,,,,,,
,,1597,5,《པེ་》《སྣར་》,ཞེས།,,,,,,
,,1598,6,《པེ་》《སྣར་》,བའི།,,,,,,
,,1599,7,《པེ་》《སྣར་》,པ་ནི།,,,,,,
,,1600,8,《པེ་》《སྣར་》,pནི།,,,,,,
,,1601,9,《པེ་》《སྣར་》,mཅན།,,,,,,
,1167,1602,1,《པེ་》《སྣར་》,ཡིས།,,,,,,
,,1603,2,《པེ་》《སྣར་》,ཀྱིས།,,,,,,
,1168,1604,1,《པེ་》《སྣར་》,ཆན།,,,,,,
,,1605,2,《པེ་》《སྣར་》,སྦྱང།,,,,,,
,,1606,3,《པེ་》《སྣར་》,ན།,,,,,,
,,1607,4,《པེ་》《སྣར་》,བལྟོས།,,,,,,
,,1608,5,《པེ་》《སྣར་》,པ།,,,,,,
,,1609,6,《པེ་》《སྣར་》,པ།,,,,,,
,,1610,7,《པེ་》《སྣར་》,ན།,,,,,,
,,1611,8,《པེ་》《སྣར་》,བཞག,,,,,,
,1169,1612,1,《པེ་》《སྣར་》,ཀྱི།,,,,,,
,,1613,2,《པེ་》《སྣར་》,བྱས་ཏེ།,,,,,,
,,1614,3,《པེ་》《སྣར་》,pདེ་བཞིན་དུ་ཁྱིའི་ཤ་བདུད་རྩི་ལྔ་དང་བཅས་པ་ལས་རིལ་བུ་བྱས་ལ། ལྕགས་གསུམ་གྱིས་དཀྲིས་ཏེ་སྔར་བཤད་མ་ཐག་པའི་དབང་པོ་གཉིས་ཀྱིས་སྦྱོར་བས་བསྒྲུབ་པར་བྱས་ནས་ཁར་བཅུག་ན། སངས་རྒྱས་ཐམས་ཅད་ཀྱིས་ཀྱང་མི་མཐོང་ངོ་།།,,,,,,
,,1615,4,《པེ་》《སྣར་》,པའི།,,,,,,
,,1616,6,《པེ་》《སྣར་》,ཧཾ།,,,,,,
,,1617,7,《པེ་》《སྣར་》,དུ།,,,,,,
,,1618,8,《པེ་》《སྣར་》,ད།,,,,,,
,,1619,9,《པེ་》《སྣར་》,mཀྱི།,,,,,,
,,1620,10,《པེ་》《སྣར་》,བསྒྲུབས།,,,,,,
,1170,1621,1,《པེ་》《སྣར་》,mའདྲ་བར།,,,,,,
,,1622,2,《པེ་》《སྣར་》,pདང།,,,,,,
,,1623,3,《པེ་》《སྣར་》,པས།,,,,,,
,,1624,4,《པེ་》《སྣར་》,ལོ།,,,,,,
,,1625,5,《པེ་》《སྣར་》,mནི།,,,,,,
,1171,1626,1,《པེ་》《སྣར་》,ཀྱིས།,,,,,,
,,1627,2,《པེ་》《སྣར་》,གདངས།,,,,,,
,,1628,3,《པེ་》《སྣར་》,ཀྱིས།,,,,,,
,,1629,4,《པེ་》《སྣར་》,mདེ།,,,,,,
,1172,1630,1,《སྣར་》,པོའོ།,,,,,,
,,1631,2,《སྣར་》,mམ།,,,,,,
,,1632,3,《པེ་》《སྣར་》,ད།,,,,,,
,,1633,4,《པེ་》《སྣར་》,ཆེའོ།,,,,,,
,,1634,5,《པེ་》《སྣར་》,ཅན།,,,,,,
,,1635,6,《པེ་》《སྣར་》,པ།,,,,,,
,,1636,7,《པེ་》《སྣར་》,པའོ།,,,,,,
,,1637,8,《པེ་》《སྣར་》,ཀྱིས།,,,,,,
,1173,1638,1,《པེ་》《སྣར་》,པས།,,,,,,
,,1639,2,《པེ་》《སྣར་》,ཀྱིས།,,,,,,
,,1640,3,《པེ་》《སྣར་》,བ།,,,,,,
,,1641,4,《པེ་》《སྣར་》,mའབྲེལ་པས།,,,,,,
,,1642,5,《པེ་》《སྣར་》,མོ།,,,,,,
,,1643,6,《པེ་》《སྣར་》,བསྒོམ།,,,,,,
,,1644,7,《པེ་》《སྣར་》,བཞག,,,,,,
,,1645,8,《པེ་》《སྣར་》,སྟེ།,,,,,,
,,1646,9,《པེ་》《སྣར་》,ནི།,,,,,,
,,1647,10,,pབ།,,,,,,
,,1648,11,《པེ་》《སྣར་》,སྐྱེད།,,,,,,
,,1649,12,《པེ་》《སྣར་》,བཞག,,,,,,
,1174,1650,1,《པེ་》《སྣར་》,mཞེས།,,,,,,
,,1651,2,《པེ་》《སྣར་》,pརྒྱས་པ།,,,,,,
,,1652,3,《པེ་》《སྣར་》,pཀྱི།,,,,,,
,,1653,4,《པེ་》《སྣར་》,mལ།,,,,,,
,,1654,5,《པེ་》《སྣར་》,mནི།,,,,,,
,,1655,6,《པེ་》《སྣར་》,མ།,,,,,,
,1175,1656,1,《པེ་》《སྣར་》,mཔ།,,,,,,
,,1657,2,《པེ་》《སྣར་》,pནི།,,,,,,
,,1658,3,《པེ་》《སྣར་》,དགོད།,,,,,,
,,1659,4,《པེ་》《སྣར་》,བསྐུལ།,,,,,,
,1176,1660,1,《པེ་》《སྣར་》,བཞུགས།,,,,,,
,,1661,2,《པེ་》《སྣར་》,གྱུར་པས།,,,,,,
,,1662,3,《པེ་》《སྣར་》,སྣོད་ཀྱི།,,,,,,
,,1663,4,《པེ་》《སྣར་》,pཞེས་བྱ་བ།,,,,,,
,,1664,5,《པེ་》《སྣར་》,mསུ།,,,,,,
,,1665,6,《པེ་》《སྣར་》,བྱའོ།,,,,,,
,,1666,7,《པེ་》《སྣར་》,ནས།,,,,,,
,,1667,8,《པེ་》《སྣར་》,དབྱས།,,,,,,
,1177,1668,1,《པེ་》《སྣར་》,བབས།,,,,,,
,,1669,2,《སྣར་》,mརོ།,,,,,,
,,1670,3,《པེ་》《སྣར་》,དཔའ།,,,,,,
,,1671,4,《པེ་》《སྣར་》,ཞུགས།,,,,,,
,,1672,5,《པེ་》《སྣར་》,ཧ།,,,,,,
,,1673,6,《པེ་》《སྣར་》,ཨ།,,,,,,
,,1674,7,《པེ་》《སྣར་》,བསྐུལ།,,,,,,
,,1675,8,《པེ་》《སྣར་》,སྐུལ།,,,,,,
,,1676,9,《པེ་》《སྣར་》,སྐུལ།,,,,,,
,,1677,10,《པེ་》《སྣར་》,བབས།,,,,,,
,1178,1678,1,《པེ་》《སྣར་》,pཿ,,,,,,
,,1679,2,《པེ་》《སྣར་》,ཛྷཻའི།,,,,,,
,,1680,3,《པེ་》《སྣར་》,ཐོབ།,,,,,,
,,1681,4,《པེ་》《སྣར་》,བབས།,,,,,,
,1179,1682,1,《པེ་》《སྣར་》,བརྩལ།,,,,,,
,,1683,2,《པེ་》《སྣར་》,པར།,,,,,,
,,1684,3,《པེ་》《སྣར་》,སྒྲུབ།,,,,,,
,1180,1685,1,《པེ་》《སྣར་》,དྷ་དྷུ།,,,,,,
,,1686,2,《པེ་》《སྣར་》,pདང།,,,,,,
,,1687,3,《པེ་》《སྣར་》,mལས།,,,,,,
,,1688,4,《པེ་》《སྣར་》,mདུར་ཁྲོད་ཀྱི།,,,,,,
,,1689,5,《པེ་》《སྣར་》,pལ།,,,,,,
,,1690,6,《པེ་》《སྣར་》,pརྣམས།,,,,,,
,1181,1691,1,《པེ་》《སྣར་》,pལྕི་བ།,,,,,,
,,1692,2,《པེ་》《སྣར་》,གཏུབ་ཅིང་གཏུབ་ཅིང།,,,,,,
,,1693,3,《པེ་》《སྣར་》,mསོ།།,,,,,,
,,1694,4,《པེ་》《སྣར་》,ནས།,,,,,,
,,1695,5,《པེ་》《སྣར་》,འཆིའི།,,,,,,
,,1696,6,《པེ་》《སྣར་》,གང།,,,,,,
,,1697,7,《པེ་》《སྣར་》,བསད།,,,,,,
,,1698,8,《པེ་》《སྣར་》,ལ།,,,,,,
,,1699,9,《པེ་》《སྣར་》,ཀྱིས།,,,,,,
,1182,1700,1,《པེ་》《སྣར་》,འཁྱེར།,,,,,,
,,1701,2,《སྣར་》,ལས།,,,,,,
,,1702,3,《པེ་》《སྣར་》,ལ།,,,,,,
,,1703,4,《པེ་》《སྣར་》,mའང།,,,,,,
,,1704,5,《པེ་》《སྣར་》,བྱ་བ།,,,,,,
,,1705,6,《པེ་》《སྣར་》,པོ།,,,,,,
,,1706,7,《པེ་》《སྣར་》,དམར་བར།,,,,,,
,1183,1707,1,《པེ་》《སྣར་》,དགྲད།,,,,,,
,,1708,2,《པེ་》《སྣར་》,བ།,,,,,,
,,1709,3,《པེ་》《སྣར་》,བསྒོམ།,,,,,,
,,1710,4,《པེ་》《སྣར་》,བསད།,,,,,,
,,1711,5,《པེ་》《སྣར་》,mལྔ།,,,,,,
,,1712,6,《པེ་》《སྣར་》,བསད།,,,,,,
,,1713,7,《པེ་》《སྣར་》,ནི།,,,,,,
,1184,1714,1,《པེ་》《སྣར་》,འཚེ།,,,,,,
,,1715,2,《པེ་》《སྣར་》,བའི།,,,,,,
,,1716,3,《པེ་》《སྣར་》,pལྟ།,,,,,,
,,1717,4,《པེ་》《སྣར་》,པ།,,,,,,
,,1718,5,《པེ་》《སྣར་》,mའདི།,,,,,,
,,1719,6,《པེ་》《སྣར་》,པ།,,,,,,
,,1720,7,《པེ་》《སྣར་》,པས།,,,,,,
,,1721,8,《པེ་》《སྣར་》,བཞག,,,,,,
,,1722,9,《པེ་》《སྣར་》,པ།,,,,,,
,,1723,10,《པེ་》《སྣར་》,mལས།,,,,,,
,1185,1724,1,《པེ་》《སྣར་》,བལྟོས།,,,,,,
,,1725,2,《པེ་》《སྣར་》,སྒྲུབ།,,,,,,
,,1726,3,《པེ་》《སྣར་》,pབྱེད་པར།,,,,,,
,,1727,4,《པེ་》《སྣར་》,གཤེགས།,,,,,,
,,1728,5,《པེ་》《སྣར་》,མཆོག་ནི།,,,,,,
,,1729,6,《པེ་》《སྣར་》,པ།,,,,,,
,,1730,7,《པེ་》《སྣར་》,ཟློས།,,,,,,
,,1731,8,《པེ་》,བྱས།;《སྣར་》,བྱེས།,,,,,
,1186,1732,1,《པེ་》《སྣར་》,བསད།,,,,,,
,,1733,2,《པེ་》《སྣར་》,བསད་པ་ནི།,,,,,,
,,1734,3,《པེ་》《སྣར་》,འདི།,,,,,,
,,1735,4,《པེ་》《སྣར་》,pརྡོ་རྗེ་ཆོས་ནི་གསུང་རྡོ་རྗེའོ། །,,,,,,
,,1736,5,《པེ་》《སྣར་》,mདེ།,,,,,,
,,1737,6,《པེ་》《སྣར་》,བསད།,,,,,,
,,1738,7,《པེ་》《སྣར་》,ལས།,,,,,,
,,1739,8,《པེ་》《སྣར་》,pཞེ་སྡང།,,,,,,
,1187,1740,1,《པེ་》《སྣར་》,འཇིག།,,,,,,
,,1741,2,《པེ་》《སྣར་》,ཞིག་བསྒོམས།,,,,,,
,,1742,3,《པེ་》《སྣར་》,pཟིན་པ་དང་མ།,,,,,,
,,1743,4,《པེ་》《སྣར་》,ཀྱི།,,,,,,
,,1744,5,《པེ་》《སྣར་》,mབ།,,,,,,
,,1745,6,《པེ་》《སྣར་》,རྒྱུད་དང།,,,,,,
,1188,1746,1,《པེ་》《སྣར་》,ལ།,,,,,,
,,1747,2,《པེ་》《སྣར་》,ལྟར།,,,,,,
,,1748,3,《པེ་》,ཏེ།;《སྣར་》,དེ།,,,,,
,,1749,4,《པེ་》《སྣར་》,mརྒྱུ་བ་དང་མི།,,,,,,
,,1750,5,《པེ་》《སྣར་》,ཏུ་སོ་སོར་གཞིག་པས་དེ་བཞིན་ཉིད་དུ་དམིགས་པས། ……ཧྲཱིཿདེ་ཡིས་ཁྱེར་ཞིང་དྲངས་པར་བསྒོམས་ལ། ,,,,,,(ཞེས་པའི་གཡུང་དྲུང་རྟགས་བར་གྱི་ཡི་གེ་རྣམས་དེབ་འདིའི་ལྡེབ་༡༣༩༣པའི་བསྡུར་མཆན་༦པའི་མཚམས་སུ་72ལ་བསྐྱར་ཟློས་སུ་འཁོད་ཀྱང་གོ་རིམས་ཅུང་འཁྲུགས་པས་བསྡུར་མཆན་དུ་དེ་བཞིན་བཀོད་ཡོད།),,,,,,
,,1751,7,《པེ་》《སྣར་》,འགྱུར།,,,,,,
,,1752,8,《པེ་》《སྣར་》,པ།,,,,,,
,,1753,9,《པེ་》《སྣར་》,བསམ།,,,,,,
,1189,1754,1,《པེ་》《སྣར་》,mདང།,,,,,,
,,1755,2,《པེ་》《སྣར་》,གནས།,,,,,,
,,1756,3,《པེ་》《སྣར་》,འདོམ་གྱི་པདྨ།,,,,,,
,,1757,4,《པེ་》《སྣར་》,pགྱི་དུག,,,,,,
,,1758,5,《པེ་》《སྣར་》,གི།,,,,,,
,1190,1759,1,《པེ་》《སྣར་》,བལྟོས།,,,,,,
,,1760,2,《པེ་》《སྣར་》,དྷ་དྷུ།,,,,,,
,,1761,3,《པེ་》《སྣར་》,ལཾ་ག་ལིཾ།,,,,,,
,,1762,4,《པེ་》《སྣར་》,ཡང།,,,,,,
,,1763,5,《པེ་》《སྣར་》,pཔར།,,,,,,
,,1764,6,《པེ་》《སྣར་》,pབསྟན་པར།,,,,,,
,,1765,7,《པེ་》《སྣར་》,སྐུལ།,,,,,,
,1191,1766,1,《པེ་》《སྣར་》,mལ།,,,,,,
,,1767,2,《པེ་》《སྣར་》,གསང་བར་བྱ་བའོ།,,,,,,
,,1768,3,《པེ་》《སྣར་》,mཀྱི།,,,,,,
,,1769,4,《པེ་》《སྣར་》,ཕྱིའི་འོ། །ནད་བཞི།,,,,,,
,,1770,5,《པེ་》《སྣར་》,དེ།,,,,,,
,,1771,6,《པེ་》《སྣར་》,རུང།,,,,,,
,1192,1772,1,《པེ་》《སྣར་》,ཏུ་བརྟེན་ནས་གནས།,,,,,,
,,1773,2,《པེ་》《སྣར་》,pགནས་པར།,,,,,,
,,1774,3,《པེ་》《སྣར་》,ལ།,,,,,,
,,1775,4,《པེ་》《སྣར་》,སྒོམ།,,,,,,
,,1776,5,《པེ་》《སྣར་》,pལ་སོགས་པ།,,,,,,
,,1777,6,《པེ་》《སྣར་》,བལྟོས།,,,,,,
,,1778,7,《པེ་》《སྣར་》,བཞིན།,,,,,,
,,1779,8,《པེ་》《སྣར་》,བཞག,,,,,,
,,1780,9,《པེ་》《སྣར་》,བཅད།,,,,,,
,1193,1781,1,《པེ་》《སྣར་》,སྤྱོད།,,,,,,
,,1782,2,《པེ་》《སྣར་》,འདི།,,,,,,
,,1783,3,《པེ་》《སྣར་》,pགང།,,,,,,
,,1784,4,《པེ་》《སྣར་》,བརྒྱད།,,,,,,
,,1785,5,《པེ་》《སྣར་》,དག,,,,,,
,,1786,6,《པེ་》《སྣར་》,གི།,,,,,,
,,1787,7,《པེ་》《སྣར་》,བཟླ།,,,,,,
,,1788,8,《པེ་》《སྣར་》,དེ།,,,,,,
,,1789,9,《པེ་》《སྣར་》,ཀྱི།,,,,,,
,1194,1790,1,《པེ་》,པའི།,,,,,,
,,1791,2,《པེ་》《སྣར་》,གསུངས།,,,,,,
,,1792,3,《པེ་》《སྣར་》,སྐྱེ་བའི།,,,,,,
,,1793,4,《པེ་》《སྣར་》,pནི།,,,,,,
,1195,1794,1,《པེ་》《སྣར་》,pམདངས།,,,,,,
,,1795,2,《པེ་》《སྣར་》,སྩལ།,,,,,,
,,1796,3,《པེ་》《སྣར་》,པོ།,,,,,,
,,1797,4,《པེ་》《སྣར་》,བརླ།,,,,,,
,196,1798,1,《པེ་》《སྣར་》,ལོ།,,,,,,
,,1799,2,《པེ་》《སྣར་》,པར།,,,,,,
,,1800,3,《པེ་》《སྣར་》,གིས།,,,,,,
,,1801,4,《པེ་》《སྣར་》,ཀྱི།,,,,,,
,1197,1802,1,《པེ་》《སྣར་》,གི།,,,,,,
,,1803,2,《པེ་》《སྣར་》,ཐོབ།,,,,,,
,,1804,3,《པེ་》《སྣར་》,པས།,,,,,,
,,1805,4,《པེ་》《སྣར་》,པ།,,,,,,
,,1806,5,《པེ་》《སྣར་》,པ།,,,,,,
,,1807,6,《པེ་》《སྣར་》,mའདི་ནི།,,,,,,
,1198,1808,1,《པེ་》《སྣར་》,pབྱ་བ།,,,,,,
,,1809,2,《པེ་》《སྣར་》,འགའ།,,,,,,
,,1810,3,《པེ་》《སྣར་》,pམི།,,,,,,
,,1811,4,《སྣར་》,ཐོས།,,,,,,
,1199,1812,1,《པེ་》《སྣར་》,pནི།,,,,,,
,,1813,2,《པེ་》《སྣར་》,བརྟེན།,,,,,,
,,1814,3,《པེ་》《སྣར་》,པ།,,,,,,
,,1815,4,《པེ་》《སྣར་》,pཡང།,,,,,,
,,1816,5,《པེ་》《སྣར་》,ཁྱད།,,,,,,
,,1817,6,《པེ་》《སྣར་》,གི།,,,,,,
,1200,1818,1,《པེ་》《སྣར་》,རྟག,,,,,,
,,1819,2,《པེ་》《སྣར་》,རྩིགས།,,,,,,
,,1820,3,《པེ་》《སྣར་》,mཔ།,,,,,,
,,1821,4,《པེ་》《སྣར་》,pཔ།,,,,,,
,1201,1822,1,《པེ་》《སྣར་》,mཆོས།,,,,,,
,,1823,2,《པེ་》《སྣར་》,མ།,,,,,,
,,1824,3,《པེ་》《སྣར་》,ཀྱིས།,,,,,,
,,1825,4,《པེ་》《སྣར་》,གིས།,,,,,,
,1202,1826,1,《པེ་》《སྣར་》,དག,,,,,,
,,1827,2,《པེ་》《སྣར་》,བརྫུས།,,,,,,
,1203,1828,1,《པེ་》《སྣར་》,གྱུར་པའོ།,,,,,,
,,1829,2,《པེ་》《སྣར་》,མཁས།,,,,,,
,,1830,3,《པེ་》《སྣར་》,བསྐྱེད།,,,,,,
,,1831,4,《པེ་》《སྣར་》,ཀྱིས།,,,,,,
,1204,1832,1,《པེ་》《སྣར་》,mརྣམས་ཏེ། དེ།,,,,,,
,,1833,2,《པེ་》《སྣར་》,mལ།,,,,,,
,,1834,3,《པེ་》《སྣར་》,pམི།,,,,,,
,,1835,4,《པེ་》《སྣར་》,བརྟེན།,,,,,,
,1205,1836,1,《པེ་》《སྣར་》,པ།,,,,,,
,,1837,2,《པེ་》《སྣར་》,ཀྱི།,,,,,,
,1206,1838,1,《པེ་》《སྣར་》,pདེའི།,,,,,,
,,1839,2,《པེ་》《སྣར་》,སྒོམ་པ་དེ།,,,,,,
,,1840,3,《པེ་》《སྣར་》,ལ།,,,,,,
,,1841,4,《པེ་》《སྣར་》,pཡང།,,,,,,
,1207,1842,1,《པེ་》《སྣར་》,mསོ།,,,,,,
,,1843,2,《པེ་》《སྣར་》,དགོས།,,,,,,
,,1844,3,《པེ་》《སྣར་》,mའཁོར།,,,,,,
,,1845,4,《པེ་》《སྣར་》,བལྟོས།,,,,,,
,,1846,5,《པེ་》《སྣར་》,pཞེས་བྱ་བ།,,,,,,
,1208,1847,1,《པེ་》《སྣར་》,mནི།,,,,,,
,1209,1848,1,《པེ་》《སྣར་》,བྱ་བའོ།,,,,,,
,,1849,2,《པེ་》《སྣར་》,mབ།,,,,,,
,,1850,3,《པེ་》《སྣར་》,ན།,,,,,,
,1210,1851,1,《པེ་》《སྣར་》,བཞག,,,,,,
,,1852,2,《པེ་》《སྣར་》,པ་པོ།,,,,,,
,,1853,3,《པེ་》《སྣར་》,mནི།,,,,,,
,,1854,4,《པེ་》《སྣར་》,འཐོབ།,,,,,,
,1211,1855,1,《པེ་》《སྣར་》,སོར།,,,,,,
,,1856,2,《པེ་》《སྣར་》,མ།,,,,,,
,,1857,3,《པེ་》《སྣར་》,བཞག,,,,,,
,,1858,4,《པེ་》《སྣར་》,mཀྱི།,,,,,,
,,1859,5,《པེ་》《སྣར་》,བཞག,,,,,,
,,1860,6,《པེ་》《སྣར་》,mགྱི།,,,,,,
,,1861,7,《པེ་》《སྣར་》,mཀྱི།,,,,,,
,,1862,8,《པེ་》《སྣར་》,བ་ནི།,,,,,,
,1212,1863,1,《པེ་》《སྣར་》,བགྲམ།,,,,,,
,,1864,2,《པེ་》《སྣར་》,བྱ་སྟེ།,,,,,,
,,1865,3,《པེ་》《སྣར་》,mན།,,,,,,
,1213,1866,1,《པེ་》《སྣར་》,བཞག,,,,,,
,,1867,2,《པེ་》《སྣར་》,པ།,,,,,,
,1214,1868,1,《པེ་》,བྱ་ནི།;《སྣར་》,བྱ་ན།,,,,,
,,1869,2,《པེ་》《སྣར་》,ཀྱིས།,,,,,,
,,1870,3,《པེ་》《སྣར་》,mཔ།,,,,,,
,,1871,4,《པེ་》《སྣར་》,mདུ།,,,,,,
,,1872,5,《པེ་》《སྣར་》,གསུང་དག་གོ།,,,,,,
,1215,1873,1,《པེ་》《སྣར་》,རྟས།,,,,,,
,,1874,2,《པེ་》《སྣར་》,mའགྱུར་བར།,,,,,,
,1216,1875,1,《པེ་》《སྣར་》,བསྟེན།,,,,,,
,,1876,2,《པེ་》《སྣར་》,mརྡོ་རྗེའི།,,,,,,
,,1877,3,《པེ་》,mརྩ།,,,,,,
,1217,1878,1,《པེ་》《སྣར་》,pལ།,,,,,,
,,1879,2,《པེ་》《སྣར་》,mཔ།,,,,,,
,,1880,3,《པེ་》《སྣར་》,pན།,,,,,,
,1218,1881,1,《པེ་》《སྣར་》,པ།,,,,,,
,,1882,2,《པེ་》《སྣར་》,mའགྲོ་བར།,,,,,,
,,1883,3,《པེ་》《སྣར་》,བཞག,,,,,,
,,1884,4,《པེ་》《སྣར་》,གསང།,,,,,,
,,1885,5,《པེ་》《སྣར་》,དེར།,,,,,,
,,1886,6,《སྣར་》,པས།,,,,,,
,,1887,7,《པེ་》,དཔའ།,,,,,,
,,1888,8,《པེ་》《སྣར་》,པའི།,,,,,,
,,1889,9,《སྣར་》,བརྟན།,,,,,,
,,1890,10,《པེ་》《སྣར་》,བཞག,,,,,,
,,1891,11,《པེ་》《སྣར་》,བསྲེག,,,,,,
,,1892,12,《པེ་》《སྣར་》,དབུལ།,,,,,,
,1219,1893,1,《སྣར་》,བཏབ།,,,,,,
,,1894,2,《པེ་》《སྣར་》,སླ་སྟེ།,,,,,,
,,1895,3,《པེ་》《སྣར་》,པ།,,,,,,
,,1896,4,《པེ་》《སྣར་》,ཏེ།,,,,,,
,,1897,5,《པེ་》《སྣར་》,རྡོ་རྗེར།,,,,,,
,,1898,6,《པེ་》《སྣར་》,ལ།,,,,,,
,,1899,7,《པེ་》《སྣར་》,ལས།,,,,,,
,1220,1900,1,《པེ་》《སྣར་》,རྗེས་ཏེ།,,,,,,
,,1901,2,《པེ་》《སྣར་》,བརླབས།,,,,,,
,,1902,3,《པེ་》《སྣར་》,ཨཱཿ,,,,,,
,,1903,4,《པེ་》《སྣར་》,mསྙིང་པོ་སྟེ།,,,,,,
,1221,1904,1,《པེ་》《སྣར་》,mརྡོ་རྗེ་གསུམ་ནི་དམ་ཚིག་རྡོ་རྗེ་སྟེ།,,,,,,
,,1905,2,《པེ་》《སྣར་》,mསུ།,,,,,,
,,1906,3,《པེ་》《སྣར་》,mངེ་།,,,,,,
,,1907,4,《པེ་》《སྣར་》,བསྒོམ།,,,,,,
,,1908,5,《པེ་》《སྣར་》,སྐྱེད།,,,,,,
,,1909,6,《པེ་》《སྣར་》,རྗེའི།,,,,,,
,1222,1910,1,《པེ་》《སྣར་》,ལ།,,,,,,
,,1911,2,《པེ་》《སྣར་》,mགསོལ་ཞེས།,,,,,,
,,1912,3,《པེ་》《སྣར་》,པ།,,,,,,
,,1913,4,《པེ་》《སྣར་》,པ།,,,,,,
,,1914,5,《པེ་》《སྣར་》,བཞག,,,,,,
,1223,1915,1,《པེ་》《སྣར་》,mམ་བློ།,,,,,,
,,1916,2,《པེ་》《སྣར་》,mདང།,,,,,,
,,1917,3,《པེ་》《སྣར་》,mདེ།,,,,,,
,,1918,4,《པེ་》《སྣར་》,བསྒྲག,,,,,,
,,1919,5,《པེ་》《སྣར་》,བསད།,,,,,,
,,1920,6,《པེ་》《སྣར་》,མས།,,,,,,
,,1921,7,《པེ་》《སྣར་》,ནི།,,,,,,
,,1922,8,《པེ་》《སྣར་》,སྒྲུབ།,,,,,,
,1224,1923,1,《པེ་》《སྣར་》,mཔ།,,,,,,
,,1924,2,《པེ་》《སྣར་》,pརབ།,,,,,,
,,1925,3,《པེ་》《སྣར་》,བྱའོ།,,,,,,
,,1926,4,《པེ་》《སྣར་》,གཟུང།,,,,,,
,,1927,5,《པེ་》《སྣར་》,mབ།,,,,,,
,1225,1928,1,《པེ་》《སྣར་》,གསང།,,,,,,
,,1929,2,《པེ་》《སྣར་》,པ།,,,,,,
,,1930,3,《པེ་》《སྣར་》,པོ།,,,,,,
,,1931,4,《པེ་》《སྣར་》,པོ།,,,,,,
,1226,1932,1,《པེ་》《སྣར་》,བྱའོ།,,,,,,
,,1933,2,《པེ་》《སྣར་》,mབ།,,,,,,
,,1934,3,《པེ་》《སྣར་》,mསྣང།,,,,,,
,,1935,4,《པེ་》《སྣར་》,mལ།,,,,,,
,,1936,5,《པེ་》《སྣར་》,mལ།,,,,,,
,1227,1937,1,《པེ་》《སྣར་》,ཞིང།,,,,,,
,,1938,2,《པེ་》《སྣར་》,mཀྱི།,,,,,,
,,1939,3,《པེ་》《སྣར་》,དྷི།,,,,,,
,,1940,4,《པེ་》《སྣར་》,བཞུག,,,,,,
,,1941,5,《པེ་》《སྣར་》,བཞུག,,,,,,
,,1942,6,《པེ་》《སྣར་》,པའི།,,,,,,
,1228,1943,1,《པེ་》《སྣར་》,བཞག,,,,,,
,,1944,2,《པེ་》《སྣར་》,ན།,,,,,,
,,1945,3,《པེ་》《སྣར་》,བྱའོ།།,,,,,,
,1229,1946,1,《པེ་》《སྣར་》,mསོ་སོར།,,,,,,
,,1947,2,《པེ་》《སྣར་》,pཆེ།,,,,,,
,,1948,3,《པེ་》《སྣར་》,mརྣམས།,,,,,,
,,1949,4,《པེ་》《སྣར་》,mཔས།,,,,,,
,,1950,5,《པེ་》《སྣར་》,pནི།,,,,,,
,,1951,6,《པེ་》《སྣར་》,བྲན་ཕོ།,,,,,,
,1230,1952,1,《པེ་》《སྣར་》,གངྒཱ།,,,,,,
,,1953,2,《པེ་》《སྣར་》,འཐོབ།,,,,,,
,,1954,3,《པེ་》《སྣར་》,བཞད།,,,,,,
,,1955,4,《པེ་》《སྣར་》《ཅོ་》,mའཇིག་རྟེན་པ་དང།,,,,,,
,,1956,5,《པེ་》《སྣར་》,mདཔའ།,,,,,,
,1232,1957,1,《པེ་》《སྣར་》,གི།,,,,,,
,,1958,2,《པེ་》《སྣར་》,mཔ།,,,,,,
,,1959,3,《པེ་》《སྣར་》,པ།,,,,,,
,1233,1960,1,《པེ་》《སྣར་》,mཆེན་པོ།,,,,,,
,,1961,2,《པེ་》《སྣར་》,གིས།,,,,,,
,,1962,3,《པེ་》《སྣར་》,སྒྲུབ།,,,,,,
,,1963,4,《པེ་》《སྣར་》,གྱིས།,,,,,,
,1234,1964,1,《པེ་》《སྣར་》,བ།,,,,,,
,,1965,2,《པེ་》《སྣར་》,mདུ།,,,,,,
,,1966,3,《པེ་》《སྣར་》,བ།,,,,,,
,,1967,4,《པེ་》《སྣར་》,ལོགས།,,,,,,
,,1968,5,,སྐྱེད་པར་བསྒོམ།,,,,,,
,1235,1969,1,《པེ་》《སྣར་》,ནི།,,,,,,
,,1970,2,《སྣར་》,མི།,,,,,,
,1236,1971,1,《པེ་》《སྣར་》,གྱི།,,,,,,
,,1972,2,《པེ་》《སྣར་》,mཀྱི།,,,,,,
,,1973,3,《པེ་》《སྣར་》,བསྐུལ།,,,,,,
,,1974,4,《པེ་》《སྣར་》,ཆེ།། བསམ།,,,,,,
,,1975,5,《པེ་》《སྣར་》,དཔའི།,,,,,,
,,1976,6,《པེ་》《སྣར་》,pདེ།,,,,,,
,1237,1977,1,《པེ་》《སྣར་》,བསྐྱེད།,,,,,,
,,1978,2,《པེ་》《སྣར་》,སྐྱེད།,,,,,,
,,1979,3,《པེ་》《སྣར་》,ནི།,,,,,,
,,1980,4,《པེ་》《སྣར་》,བཱི་ཛ་པུ།,,,,,,
,,1981,5,《སྣར་》,པ།,,,,,,
,,1982,6,《པེ་》《སྣར་》,mལ།,,,,,,
,,1983,7,《པེ་》《སྣར་》,mདང།,,,,,,
,,1984,8,《པེ་》《སྣར་》,ལེན་དྲཱ།,,,,,,
,1238,1985,1,《པེ་》《སྣར་》,པ་ནི་དེ་ཉེས་ཤིང་སྒྲུབ།,,,,,,
,,1986,2,《པེ་》《སྣར་》,pཉུཾ།,,,,,,
,,1987,3,《པེ་》《སྣར་》,pདང།,,,,,,
,1239,1988,1,《པེ་》《སྣར་》,བ།,,,,,,
,,1989,2,《པེ་》《སྣར་》,pཔདྨའི།,,,,,,
,,1990,3,《པེ་》《སྣར་》,བརྩམས།,,,,,,
,,1991,4,《པེ་》《སྣར་》,mདང།,,,,,,
,1240,1992,1,《པེ་》《སྣར་》,ཀྱིས།,,,,,,
,,1993,2,《པེ་》《སྣར་》,ཀླགས་པས་འགྲུབ།,,,,,,
,,1994,3,《སྣར་》,པའོ།,,,,,,
,1241,1995,1,《པེ་》《སྣར་》,རྨས།,,,,,,
,,1996,2,《པེ་》《སྣར་》,pམྱུར་བར་བྱེད་པའོ།,,,,,,
,,1997,3,《པེ་》《སྣར་》,འཐོབ།,,,,,,
,,1998,4,《པེ་》《སྣར་》,ཀྱི།,,,,,,
,,1999,5,《པེ་》《སྣར་》,སྒོམ།,,,,,,
,,2000,6,《པེ་》《སྣར་》,བྱའོ།།,,,,,,
,,2001,7,《པེ་》《སྣར་》,འཐོབ།,,,,,,
,1242,2002,1,《པེ་》《སྣར་》,pདེ།,,,,,,
,,2003,2,《པེ་》《སྣར་》,ནས་ཤེས།,,,,,,
,,2004,3,《པེ་》《སྣར་》,བལྟོས།,,,,,,
,,2005,4,《པེ་》《སྣར་》,ཏང།,,,,,,
,1243,2006,1,《པེ་》《སྣར་》,mདེ།,,,,,,
,,2007,2,《པེ་》《སྣར་》,ལག,,,,,,
,,2008,3,《པེ་》《སྣར་》,མ།,,,,,,
,,2009,4,《པེ་》《སྣར་》,mསྟེ།,,,,,,
,,2010,5,《པེ་》《སྣར་》,ལྟར།,,,,,,
,1244,2011,1,《པེ་》《སྣར་》,དེར།,,,,,,
,,2012,2,《པེ་》《སྣར་》,པ།,,,,,,
,,2013,3,《པེ་》《སྣར་》,སྐྱེད།,,,,,,
,,2014,4,《པེ་》《སྣར་》,ཏེ།,,,,,,
,1245,2015,1,《པེ་》《སྣར་》,pནི།,,,,,,
,,2016,2,《པེ་》《སྣར་》,བའོ།,,,,,,
,,2017,3,《སྣར་》,ནི།,,,,,,
,,2018,4,《པེ་》《སྣར་》,mགོས་པས།,,,,,,
,1246,2019,1,《པེ་》《སྣར་》,དག་པའི་ངོ་བོ།,,,,,,
,,2020,2,《པེ་》《སྣར་》,གྱིས།,,,,,,
,1247,2021,1,《པེ་》《སྣར་》,mསུ།,,,,,,
,,2022,2,《པེ་》《སྣར་》,རྗེའི་གསུང།,,,,,,
,,2023,3,《པེ་》《སྣར་》,ཀྱིས།,,,,,,
,,2024,4,《པེ་》《སྣར་》,pཀྱིས།,,,,,,
,,2025,5,《པེ་》《སྣར་》,བརྟག,,,,,,
,1248,2026,1,《པེ་》《སྣར་》,གྱིས།,,,,,,
,,2027,2,《པེ་》《སྣར་》,pརང།,,,,,,
,,2028,3,《པེ་》《སྣར་》,རྟོགས།,,,,,,
,,2029,4,《པེ་》《སྣར་》,mཉན་ཐོས་ཏེ།,,,,,,
,1249,2030,1,《སྣར་》,བ།,,,,,,
,,2031,2,《པེ་》《སྣར་》,དེ།,,,,,,
,,2032,3,《པེ་》《སྣར་》,pལ།,,,,,,
,,2033,4,《པེ་》《སྣར་》,པར།,,,,,,
,,2034,5,《པེ་》《སྣར་》,བདག,,,,,,
,,2035,6,《པེ་》《སྣར་》,pལ།,,,,,,
,,2036,7,《པེ་》《སྣར་》,བསད།,,,,,,
,,2037,8,《པེ་》《སྣར་》,མཁའི།,,,,,,
,1250,2038,1,《པེ་》《སྣར་》,mན།,,,,,,
,1251,2039,1,《པེ་》《སྣར་》,ནོ།།,,,,,,
,,2040,2,《པེ་》《སྣར་》,བསད།,,,,,,
,1252,2041,1,《པེ་》《སྣར་》,བལྟོས།,,,,,,
,,2042,2,《པེ་》《སྣར་》,འཇིག,,,,,,
,,2043,3,《པེ་》《སྣར་》,སྐྱེད།,,,,,,
,1253,2044,1,《པེ་》《སྣར་》,བའི།,,,,,,
,,2045,2,《པེ་》《སྣར་》,mཔ།,,,,,,
,1254,2046,1,《པེ་》《སྣར་》,mབ།,,,,,,
,,2047,2,《པེ་》《སྣར་》,mདེ།,,,,,,
,1255,2048,1,《པེ་》《སྣར་》,གྱི་ཚོགས་རྣམས།,,,,,,
,,2049,2,《པེ་》《སྣར་》,མཁའི་ཁམས།,,,,,,
,,2050,3,《པེ་》《སྣར་》,བསམ།,,,,,,
,,2051,4,《པེ་》《སྣར་》,ཉིད།,,,,,,
,1256,2052,1,《པེ་》《སྣར་》,བཞིར།,,,,,,
,,2053,2,《པེ་》《སྣར་》,བལྟ་བར།,,,,,,
,,2054,3,《པེ་》《སྣར་》,པོ།,,,,,,
,1257,2055,1,《པེ་》《སྣར་》,རྗེས།,,,,,,
,,2056,2,《པེ་》《སྣར་》,ནུས།,,,,,,
,,2057,3,《པེ་》《སྣར་》,བོར།,,,,,,
,,2058,4,《པེ་》《སྣར་》,ལས།,,,,,,
,,2059,5,《པེ་》《སྣར་》,མོ།,,,,,,
,,2060,6,《པེ་》《སྣར་》,བཞག,,,,,,
,1258,2061,1,《པེ་》《སྣར་》,པ།,,,,,,
,,2062,2,《པེ་》《སྣར་》,བ།,,,,,,
,,2063,3,《པེ་》《སྣར་》,སྤྱོད།,,,,,,
,1259,2064,1,《པེ་》《སྣར་》,mནི།,,,,,,
,,2065,2,《པེ་》《སྣར་》,བཟུང་བ།,,,,,,
,1260,2066,1,《པེ་》《སྣར་》,pཤེས་ནས།,,,,,,
,1261,2067,1,《པེ་》《སྣར་》,མ།,,,,,,
,,2068,2,《པེ་》《སྣར་》,mཔ།,,,,,,
,,2069,3,《པེ་》《སྣར་》,པ།,,,,,,
,1262,2070,1,《པེ་》《སྣར་》,སྒོམ།,,,,,,
,,2071,2,《པེ་》《སྣར་》,རྒྱུ།,,,,,,
,,2072,3,《པེ་》《སྣར་》,སྒོམ།,,,,,,
,1263,2073,1,《པེ་》《སྣར་》,རྟོགས།,,,,,,
,,2074,2,《པེ་》《སྣར་》,mབ།,,,,,,
,,2075,3,《པེ་》《སྣར་》,ལན།,,,,,,
,,2076,4,《པེ་》《སྣར་》,སྐྱེ་བོ།,,,,,,
,,2077,5,《པེ་》《སྣར་》,གཟུང།,,,,,,
,,2078,6,《པེ་》《སྣར་》,ལན།,,,,,,
,1264,2079,1,《པེ་》《སྣར་》,mཔ།,,,,,,
,,2080,2,《པེ་》《སྣར་》,pཨེ་མའོ་རྡོ་རྗེ་ཨེ་རྡོ་རྗེ། ཞེས་བྱ་བ་ནི་རབ་ཏུ་དང་བས་བཟླས་པའོ། །,,,,,,
,,2081,3,《པེ་》《སྣར་》,mརོ།,,,,,,
,1265,2082,1,《པེ་》《སྣར་》,རྗེས།,,,,,,
,,2083,2,《པེ་》《སྣར་》,སྒྱུར།,,,,,,
,,2084,3,《པེ་》,ནམ་མཁའི།,,,,,,
,,2085,4,《པེ་》《སྣར་》,པར།,,,,,,
,,2086,5,《པེ་》《སྣར་》,pཔ།,,,,,,
,,2087,6,《པེ་》《སྣར་》,ནི།,,,,,,
,1266,2088,1,《པེ་》《སྣར་》,ཞེ་ན།,,,,,,
,,2089,2,《པེ་》《སྣར་》,mབ།,,,,,,
,,2090,3,《པེ་》《སྣར་》,བྱའོ།།,,,,,,
,1267,2091,1,《པེ་》《སྣར་》,ནི།,,,,,,
,,2092,2,《པེ་》《སྣར་》,འདོད་ཆགས།,,,,,,
,,2093,3,《པེ་》《སྣར་》,འཐོབ།,,,,,,
,1268,2094,1,《པེ་》《སྣར་》,པའོ།,,,,,,
,,2095,2,《པེ་》《སྣར་》,བརྩོམ།,,,,,,
,,2096,3,《པེ་》《སྣར་》,དེ།,,,,,,
,,2097,4,《པེ་》《སྣར་》,ཀྱི།,,,,,,
,,2098,5,《པེ་》《སྣར་》,pདོན།,,,,,,
,1269,2099,1,《པེ་》《སྣར་》,སྒྲུབས།,,,,,,
,,2100,2,《པེ་》《སྣར་》,སྤྱོད།,,,,,,
,,2101,3,《པེ་》《སྣར་》,རྨད།,,,,,,
,,2102,4,《པེ་》《སྣར་》,གསུང།,,,,,,
,,2103,5,《སྣར་》,རྩམ་པར།,,,,,,
,,2104,6,《པེ་》《སྣར་》,པ།,,,,,,
,,2105,7,《པེ་》《སྣར་》,གི།,,,,,,
,1270,2106,1,《པེ་》《སྣར་》,དཔར།,,,,,,
,,2107,2,《པེ་》《སྣར་》,གསལ།,,,,,,
,1271,2108,1,《པེ་》《སྣར་》,གུང།,,,,,,
,,2109,2,《པེ་》《སྣར་》,pལ།,,,,,,
,,2110,3,《པེ་》《སྣར་》,mཉིད།,,,,,,
,,2111,4,《པེ་》《སྣར་》,ཞུགས།,,,,,,
,1273,2112,1,《པེ་》《སྣར་》,mཀྱི།,,,,,,
,,2113,2,《པེ་》《སྣར་》,pཞེས་པ་ཐུན་མཚམས་གསུམ་དུ།,,,,,,
,1274,2114,1,《པེ་》《སྣར་》,pརྣམས།,,,,,,
,,2115,2,《པེ་》《སྣར་》,སྤྱོད།,,,,,,
,1275,2116,1,《པེ་》《སྣར་》,པ།,,,,,,
,,2117,2,《པེ་》《སྣར་》,གཟུང།,,,,,,
,,2118,3,《པེ་》《སྣར་》,གྱི།,,,,,,
,1276,2119,1,《པེ་》《སྣར་》,འདིར།,,,,,,
,,2120,2,《པེ་》《སྣར་》,pདེ་བཞིན་གཤེགས་པ།,,,,,,
,,2121,3,《པེ་》《སྣར་》,མཐའོ།།,,,,,,
,1277,2122,1,《པེ་》《སྣར་》,བཞིའོ།།,,,,,,
,,2123,2,《པེ་》《སྣར་》,མ་པ་ལ།,,,,,,
,1278,2124,1,《པེ་》《སྣར་》,mགྱུར་པར།,,,,,,
,,2125,2,《པེ་》《སྣར་》,བའི་ཕན་ཡོན།,,,,,,
,,2126,3,《པེ་》《སྣར་》,pཔ།,,,,,,
,,2127,4,《པེ་》《སྣར་》,pདུ།,,,,,,
,1279,2128,1,《པེ་》《སྣར་》,ནི།,,,,,,
,,2129,2,《པེ་》《སྣར་》,mབར།,,,,,,
,,2130,3,《པེ་》《སྣར་》,བཅད།,,,,,,
,,2131,4,《པེ་》,བསྣམ།;《སྣར་》,བསྣན།,,,,,
,,2132,5,《པེ་》《སྣར་》,པའི།,,,,,,
,,2133,6,《པེ་》《སྣར་》,བཅད།,,,,,,
,,2134,7,《པེ་》《སྣར་》,སྐྱེད།,,,,,,
,1280,2135,1,《པེ་》《སྣར་》,པ།,,,,,,
,,2136,2,《པེ་》《སྣར་》,ཧཱ།,,,,,,
,,2137,3,《པེ་》《སྣར་》,བསྒོམས།,,,,,,
,,2138,4,《པེ་》《སྣར་》,དེ།,,,,,,
,,2139,5,《པེ་》《སྣར་》,བསླན།,,,,,,
,,2140,6,《པེ་》《སྣར་》,བ་ནི།,,,,,,
,,2141,7,《པེ་》《སྣར་》,pདག,,,,,,
,1281,2142,1,《པེ་》《སྣར་》,ལ།,,,,,,
,,2143,2,《པེ་》《སྣར་》,བླང།,,,,,,
,,2144,3,《པེ་》《སྣར་》,pནི།,,,,,,
,1282,2145,1,《པེ་》《སྣར་》,པདྨར།,,,,,,
,,2146,2,《པེ་》《སྣར་》,གི།,,,,,,
,,2147,3,《པེ་》《སྣར་》,mགནས།,,,,,,
,1283,2148,1,《པེ་》,པ་ནི།;《སྣར་》,པ་ན།,,,,,
,,2149,2,《པེ་》《སྣར་》,ཚོགས།,,,,,,
,,2150,3,《པེ་》《སྣར་》,བྱའོ།།,,,,,,
,1284,2151,1,《པེ་》《སྣར་》,བའི།,,,,,,
,,2152,2,《པེ་》《སྣར་》,རྟོགས།,,,,,,
,1285,2153,1,《པེ་》《སྣར་》,ལ།,,,,,,
,,2154,2,《པེ་》《སྣར་》,གྱིས།,,,,,,
,,2155,3,《པེ་》《སྣར་》,pརྟག་ཏུ།,,,,,,
,,2156,4,《པེ་》《སྣར་》,ཡོང་མི་བྱ།,,,,,,
,,2157,5,《པེ་》,པ།;《སྣར་》,དཔའ།,,,,,
,,2158,6,《པེ་》《སྣར་》,དེ།,,,,,,
,1286,2159,1,《པེ་》《སྣར་》,བཞག,,,,,,
,,2160,2,《པེ་》《སྣར་》,ཀྱི།,,,,,,
,,2161,3,《པེ་》《སྣར་》,བསམ།,,,,,,
,,2162,4,《པེ་》,དང་དད།;《སྣར་》,དུང་དང།,,,,,
,,2163,5,《པེ་》《སྣར་》,པ།,,,,,,
,1287,2164,1,《པེ་》《སྣར་》,བཞག,,,,,,
,,2165,2,《པེ་》《སྣར་》,རིམས།,,,,,,
,,2166,3,《པེ་》《སྣར་》,མྲི།,,,,,,
,,2167,4,《པེ་》《སྣར་》,ད།,,,,,,
,,2168,5,《སྣར་》,མཐར།,,,,,,
,,2169,6,《པེ་》《སྣར་》,ན།,,,,,,
,1288,2170,1,《པེ་》《སྣར་》,སྤྱད།,,,,,,
,,2171,2,《པེ་》《སྣར་》,བསྲུང།,,,,,,
,,2172,3,《པེ་》《སྣར་》,mནི།,,,,,,
,,2173,4,《པེ་》《སྣར་》,mདཔལ།,,,,,,
,,2174,5,《པེ་》《སྣར་》,སྒོམ།,,,,,,
,1289,2175,1,《པེ་》《སྣར་》,ཀྱི།,,,,,,
,1290,2176,1,《པེ་》《སྣར་》,mལྔ།,,,,,,
,,2177,2,《སྣར་》,དགའ།,,,,,,
,,2178,3,《ཅོ་》,གསལ།,,,,,,
,,2179,4,《པེ་》《སྣར་》,གངྒཱ།,,,,,,
,,2180,5,《པེ་》《སྣར་》,བརྩལ།,,,,,,
,,2181,6,《པེ་》《སྣར་》,ཀྱི།,,,,,,
,,2182,7,《པེ་》《སྣར་》,འཛུམ།,,,,,,
,1291,2183,1,《པེ་》《སྣར་》,mའདེབས་པ།,,,,,,
,,2184,2,《པེ་》《སྣར་》,བསྒོམ།,,,,,,
,,2185,3,《པེ་》《སྣར་》,གེའི།,,,,,,
,1292,2186,1,《པེ་》《སྣར་》,pཔ།,,,,,,
,,2187,2,《པེ་》《སྣར་》,mརྫོགས་པ།,,,,,,
,,2188,3,《པེ་》《སྣར་》,mགསུམ།,,,,,,
,1294,2189,1,《པེ་》《སྣར་》,པར།,,,,,,
,,2190,2,《པེ་》《སྣར་》,སྐོར།,,,,,,
,,2191,3,《པེ་》《སྣར་》,ལ།,,,,,,
,1295,2192,1,《པེ་》《སྣར་》,mཔར།,,,,,,
,,2193,2,《པེ་》《སྣར་》,mསུ།,,,,,,
,,2194,3,《པེ་》《སྣར་》,mལ།,,,,,,
,,2195,4,《པེ་》《སྣར་》,mལ་སྤྱོད་པ།,,,,,,
,1296,2196,1,《པེ་》《སྣར་》,mཉེད་པ་དང།,,,,,,
,1298,2197,1,《པེ་》《སྣར་》,གྱི།,,,,,,
,1299,2198,1,《པེ་》《སྣར་》,ཀྱིས།,,,,,,
,,2199,2,《པེ་》《སྣར་》,pཀུན་དུ་བཟང་པོ།,,,,,,
,,2200,3,《པེ་》《སྣར་》,ཀྱིས།,,,,,,
,1300,2201,1,《པེ་》《སྣར་》,mམ།,,,,,,
,1301,2202,1,《པེ་》《སྣར་》,ན།,,,,,,
,,2203,2,《པེ་》《སྣར་》,mརྣམས།,,,,,,
,1302,2204,1,《པེ་》《སྣར་》,ཀྱི།,,,,,,
,,2205,2,《པེ་》《སྣར་》,པ།,,,,,,
,,2206,3,《པེ་》《སྣར་》,དཔའ།,,,,,,
,1303,2207,1,《པེ་》《སྣར་》,མ་པའི།,,,,,,
,,2208,2,《པེ་》《སྣར་》,mནི།,,,,,,
,1304,2209,1,《པེ་》《སྣར་》,pལ།,,,,,,
,,2210,2,《པེ་》《སྣར་》,རྟོག,,,,,,
,,2211,3,《ཅོ་》,ལ།,,,,,,
,,2212,4,《པེ་》《སྣར་》,ཀྱི།,,,,,,
,1305,2213,1,《པེ་》《སྣར་》,བཻ་དའི།,,,,,,
,,2214,2,《པེ་》《སྣར་》,འཇིག,,,,,,
,,2215,3,《པེ་》《སྣར་》,རིམ་གྱིས།,,,,,,
,,2216,4,《པེ་》《སྣར་》,mསྔ།,,,,,,
,,2217,5,《པེ་》《སྣར་》,pབ།,,,,,,
,,2218,6,《པེ་》,འཕྲོའོ།,,,,,,
,,2219,7,《པེ་》《སྣར་》,མི་བདེ་བས།,,,,,,
,,2220,8,《པེ་》《སྣར་》,ཀྱིས།,,,,,,
,1306,2221,1,《པེ་》《སྣར་》,pབྱེད་པར།,,,,,,
,,2222,2,《པེ་》《སྣར་》,རྒྱན།,,,,,,
,,2223,3,《པེ་》《སྣར་》,mཀྱིས།,,,,,,
,,2224,4,《པེ་》《སྣར་》,གྱིས་བརླབས།,,,,,,
,,2225,5,《པེ་》《སྣར་》,གྱིས་བརླབས།,,,,,,
,1307,2226,1,《པེ་》《སྣར་》,མིན།,,,,,,
,,2227,2,《པེ་》《སྣར་》,གཱརྫུ།,,,,,,
,1308,2228,1,《པེ་》《སྣར་》,ཤྲདྡྷ།,,,,,,
,,2229,2,《པེ་》《སྣར་》,པ།,,,,,,
,,2230,3,《སྣར་》,ཤི།,,,,,,
,,2231,4,《པེ་》,pབཀྲ་ཤིས།,,,,,,
